;initial_search;ville;type;name;summary;image_src;wiki_link
0;Cathédrale Saint Jean;lyon;monument;Primatiale Saint-Jean de Lyon;"La primatiale Saint-Jean-Baptiste-et-Saint-Étienne (dite aussi, plus simplement, cathédrale Saint-Jean) est le siège épiscopal de l'archidiocèse de Lyon. Elle a rang de cathédrale et de primatiale : l'archevêque de Lyon a le titre de Primat des Gaules ; le poste est actuellement géré par l'administrateur apostolique du diocèse, Mgr Michel Dubost, nommé  en juin 2019.";http://upload.wikimedia.org/wikipedia/commons/thumb/0/00/007._Photo_prise_depuis_les_toits_de_la_Basilique_Notre-Dame_de_Fourvi%C3%A8re.JPG/280px-007._Photo_prise_depuis_les_toits_de_la_Basilique_Notre-Dame_de_Fourvi%C3%A8re.JPG;https://fr.wikipedia.org/wiki/Primatiale_Saint-Jean_de_Lyon
1;Horloge astronomique;lyon;monument;Horloge astronomique;Une horloge astronomique est une horloge qui affiche l'heure ainsi que des informations relatives à l'astronomie.;http://upload.wikimedia.org/wikipedia/commons/thumb/2/2d/Czech-2013-Prague-Astronomical_clock_face.jpg/300px-Czech-2013-Prague-Astronomical_clock_face.jpg;https://fr.wikipedia.org/wiki/Horloge_astronomique
2;Basilique de Fourvière;lyon;monument;Basilique Notre-Dame de Fourvière;La basilique Notre-Dame de Fourvière surplombe la ville de Lyon depuis le sommet de la colline de Fourvière depuis la fin du XIXe siècle.;http://upload.wikimedia.org/wikipedia/commons/thumb/6/60/Notre_Dame_de_Fourvi%C3%A8re.jpg/280px-Notre_Dame_de_Fourvi%C3%A8re.jpg;https://fr.wikipedia.org/wiki/Basilique_Notre-Dame_de_Fourvi%C3%A8re
3;Tour métallique de Fourvière;lyon;monument;Tour métallique de Fourvière;La tour métallique de Fourvière est un monument de la ville de Lyon en France, situé à proximité de la basilique Notre-Dame de Fourvière.;http://upload.wikimedia.org/wikipedia/commons/thumb/e/e5/016._Photo_prise_depuis_les_toits_de_la_Basilique_Notre-Dame_de_Fourvi%C3%A8re.JPG/260px-016._Photo_prise_depuis_les_toits_de_la_Basilique_Notre-Dame_de_Fourvi%C3%A8re.JPG;https://fr.wikipedia.org/wiki/Tour_m%C3%A9tallique_de_Fourvi%C3%A8re
4;Ruines du Théâtre Antique;lyon;monument;Théâtre antique de Lyon;Le théâtre antique de Lugdunum est un des principaux monuments romains visibles à Lyon. Il est adossé à la colline de Fourvière, en dessous de son sommet, ce qui le plaçait près du centre de la colonie romaine. Construit au début de l'Empire, peut-être sous Auguste, il est agrandi à la fin du Ier siècle ou au début du IIe siècle, et peut alors accueillir jusqu’à 10 000 spectateurs.;http://upload.wikimedia.org/wikipedia/commons/thumb/8/8f/Lyon_-_Lugdunum_-_Th%C3%A9atre_Romain.jpg/280px-Lyon_-_Lugdunum_-_Th%C3%A9atre_Romain.jpg;https://fr.wikipedia.org/wiki/Th%C3%A9%C3%A2tre_antique_de_Lyon
5;Statue de Louis XIV;lyon;monument;Statue équestre de Louis XIV (Lyon);Le Monument à Louis XIV est une statue équestre en bronze de Louis XIV par le sculpteur François-Frédéric Lemot située sur la place Bellecour à Lyon, datant de 1825. Elle est inscrite au patrimoine des monuments historiques depuis le 26 août 2015.;http://upload.wikimedia.org/wikipedia/commons/thumb/9/94/Statue_of_Louis_XIV_in_Lyon_-_DSC05574.JPG/260px-Statue_of_Louis_XIV_in_Lyon_-_DSC05574.JPG;https://fr.wikipedia.org/wiki/Statue_%C3%A9questre_de_Louis_XIV_(Lyon)
6;Fontaine Bartholdi;lyon;monument;Fontaine Bartholdi;"La fontaine Bartholdi se situe place des Terreaux, dans le centre de la ville de Lyon (1er arrondissement). Elle a été réalisée par le sculpteur Frédéric Auguste Bartholdi et inaugurée en 1892 sous son appellation originelle de ""Char triomphal de la Garonne"" alors que son nom officiel est ""Les fleuves et les sources allant à l'océan""";http://upload.wikimedia.org/wikipedia/commons/thumb/f/fb/Fontaine-bartholdi-restauree.jpg/260px-Fontaine-bartholdi-restauree.jpg;https://fr.wikipedia.org/wiki/Fontaine_Bartholdi
7;Palais de la Bourse;lyon;monument;Palais de la Bourse (Lyon);Le palais de la Bourse ou palais du Commerce est un édifice situé dans le 2e arrondissement de Lyon. Il abrite actuellement le siège de la Chambre de commerce et d'industrie de Lyon.;http://upload.wikimedia.org/wikipedia/commons/thumb/e/ed/Palais_Bourse_Lyon_6.jpg/260px-Palais_Bourse_Lyon_6.jpg;https://fr.wikipedia.org/wiki/Palais_de_la_Bourse_(Lyon)
8;Opéra;lyon;monument;Opéra de Lyon;L’opéra de Lyon est une salle d’opéra de la ville de Lyon.;http://upload.wikimedia.org/wikipedia/fr/thumb/7/72/Op%C3%A9ra_de_Lyon.JPG/220px-Op%C3%A9ra_de_Lyon.JPG;https://fr.wikipedia.org/wiki/Op%C3%A9ra_de_Lyon
9;Hôtel de Ville;lyon;monument;Hôtel de ville de Lyon;L'hôtel de ville de Lyon, un des plus imposants bâtiments historiques de la ville, se situe entre la place des Terreaux et la place de la Comédie où il fait face à l'Opéra.;http://upload.wikimedia.org/wikipedia/commons/thumb/7/72/Fa%C3%A7ade_de_la_mairie_de_Lyon.jpg/260px-Fa%C3%A7ade_de_la_mairie_de_Lyon.jpg;https://fr.wikipedia.org/wiki/H%C3%B4tel_de_ville_de_Lyon
10;Quartier du Vieux Lyon;lyon;lieu;Vieux Lyon;Le Vieux Lyon est le quartier médiéval et Renaissance de Lyon. Il est situé en bordure de Saône, au pied de la colline de Fourvière en rive droite de la Saône. C'est l'un des quartiers les plus vastes concernant cette période médiévale et Renaissance (avec Venise) qui est encore resté intact jusqu'à nos jours.  ;http://upload.wikimedia.org/wikipedia/commons/thumb/4/4b/Vieuxlyon_saintjean_toits.jpg/280px-Vieuxlyon_saintjean_toits.jpg;https://fr.wikipedia.org/wiki/Vieux_Lyon
11;Cours et Traboules;lyon;lieu;Traboule;Les traboules sont des passages piétons à travers des cours d'immeuble qui permettent de se rendre d'une rue à une autre dans certaines villes françaises. Les plus connues sont à Lyon. Mais elles se trouvent aussi à Villefranche-sur-Saône, Mâcon, Chambéry, Saint-Étienne, Louhans, Chalon-sur-Saône, Grenoble, Schiltigheim, Vienne, Tournus ou encore Lavoûte-Chilhac.;http://upload.wikimedia.org/wikipedia/commons/thumb/8/88/Traboule_courtyard_C_staircase_Lyon.jpg/170px-Traboule_courtyard_C_staircase_Lyon.jpg;https://fr.wikipedia.org/wiki/Traboule
12;Traboule de la Tour Rose;lyon;lieu;Traboule;Les traboules sont des passages piétons à travers des cours d'immeuble qui permettent de se rendre d'une rue à une autre dans certaines villes françaises. Les plus connues sont à Lyon. Mais elles se trouvent aussi à Villefranche-sur-Saône, Mâcon, Chambéry, Saint-Étienne, Louhans, Chalon-sur-Saône, Grenoble, Schiltigheim, Vienne, Tournus ou encore Lavoûte-Chilhac.;http://upload.wikimedia.org/wikipedia/commons/thumb/8/88/Traboule_courtyard_C_staircase_Lyon.jpg/170px-Traboule_courtyard_C_staircase_Lyon.jpg;https://fr.wikipedia.org/wiki/Traboule
13;Jardins suspendus de Gadagne;lyon;lieu;École normale supérieure de Lyon;L’École normale supérieure de Lyon (ou ENS de Lyon) est une grande école scientifique et littéraire française, l'une des quatre écoles normales supérieures. Elle forme à l'enseignement et à la recherche dans le domaine des sciences fondamentales et expérimentales ainsi que dans celui des lettres et sciences humaines. Originellement créée pour former exclusivement ses élèves-fonctionnaires ou normaliens, recrutés sur concours, l'ENS forme aujourd'hui également des étudiants-normaliens non rémunérés, des auditeurs et des étudiants étrangers. L'École accueille environ 2 200 étudiants, 1 000 chercheurs, et un nombre important de laboratoires et de centres de recherches, répartis en dix départements. Référence dans l'enseignement supérieur français, elle est un centre de recherche important, et l'un des centres essentiels de formation des chercheurs français depuis le XIXe siècle, notamment, par son histoire, dans les domaines de la pédagogie et de l'éducation.;http://upload.wikimedia.org/wikipedia/commons/thumb/0/09/Ens-lyon.jpg/260px-Ens-lyon.jpg;https://fr.wikipedia.org/wiki/%C3%89cole_normale_sup%C3%A9rieure_de_Lyon
14;Cour des Voraces;lyon;lieu;Cour des Voraces;La Cour des Voraces est une cour d'immeuble lyonnais, célèbre pour son monumental escalier de façade de six étages (escalier à volées libres). C'est une impressionnante traboule qui permet de passer du 9 de la place Colbert au 14 de la montée de Saint-Sébastien ou au 29 rue Imbert-Colomès.;http://upload.wikimedia.org/wikipedia/commons/thumb/6/6e/Cour_des_Voraces.JPG/280px-Cour_des_Voraces.JPG;https://fr.wikipedia.org/wiki/Cour_des_Voraces
15; La Ficelle(Funiculaire);lyon;lieu;Funiculaire de Lyon;Le funiculaire de Lyon représente l'ensemble des chemins de fer à traction funiculaire ayant existé sur le territoire de la ville de Lyon : du fait de sa topographie tourmentée, la ville posséda jusqu'à cinq funiculaires, reliant les bas quartiers à ceux des collines de Fourvière et de la Croix-Rousse.;http://upload.wikimedia.org/wikipedia/commons/thumb/c/c7/Funiculaire_Lyon_p4.JPG/280px-Funiculaire_Lyon_p4.JPG;https://fr.wikipedia.org/wiki/Funiculaire_de_Lyon
16; Place Bellecour;lyon;lieu;Place Bellecour;La place Bellecour est la plus grande place de la ville de Lyon (62 000 m2) et la cinquième plus grande place de France, après la place des Quinconces à Bordeaux (126 000 m2), la place de la Concorde à Paris (86 400 m2), le Cours Léopold et place Carnot à Nancy (76 400 m2) et la place de l’hôtel de ville au Havre (70 000 m2). Elle est souvent présentée rectangulaire mais c'est une place trapézoïdale avec une taille de 300 mètres par 220 / 190 mètres, elle est plus grande que la place de la Constitution de Mexico (230 × 192 m) et que la place Rouge de Moscou (330 × 70 m). C'est également la plus grande place piétonnière d'Europe, les places précédemment citées pouvant accueillir des véhicules, au contraire de la place Bellecour.;http://upload.wikimedia.org/wikipedia/commons/thumb/5/5b/Lyon_Place_Bellecour.JPG/280px-Lyon_Place_Bellecour.JPG;https://fr.wikipedia.org/wiki/Place_Bellecour
17; Grande Roue de Bellecour;lyon;lieu;Place Bellecour;La place Bellecour est la plus grande place de la ville de Lyon (62 000 m2) et la cinquième plus grande place de France, après la place des Quinconces à Bordeaux (126 000 m2), la place de la Concorde à Paris (86 400 m2), le Cours Léopold et place Carnot à Nancy (76 400 m2) et la place de l’hôtel de ville au Havre (70 000 m2). Elle est souvent présentée rectangulaire mais c'est une place trapézoïdale avec une taille de 300 mètres par 220 / 190 mètres, elle est plus grande que la place de la Constitution de Mexico (230 × 192 m) et que la place Rouge de Moscou (330 × 70 m). C'est également la plus grande place piétonnière d'Europe, les places précédemment citées pouvant accueillir des véhicules, au contraire de la place Bellecour.;http://upload.wikimedia.org/wikipedia/commons/thumb/5/5b/Lyon_Place_Bellecour.JPG/280px-Lyon_Place_Bellecour.JPG;https://fr.wikipedia.org/wiki/Place_Bellecour
18; Presqu’ile;lyon;lieu;Presqu'île (Lyon);La Presqu'île est une partie de la ville de Lyon qui s'étend sur les 1er et 2e arrondissements. La Presqu'île est classée au patrimoine mondial de l'UNESCO depuis 1999. Géographiquement, la Presqu'île constitue la partie centrale de la ville de Lyon.;http://upload.wikimedia.org/wikipedia/commons/thumb/d/d9/Lyon_presquile_P1190151.jpg/280px-Lyon_presquile_P1190151.jpg;https://fr.wikipedia.org/wiki/Presqu%27%C3%AEle_(Lyon)
19; Place des Jacobins;lyon;lieu;Place des Jacobins (Lyon);La place des Jacobins est une place située dans le quartier de Bellecour, dans le 2e arrondissement de la ville de Lyon.;http://upload.wikimedia.org/wikipedia/commons/thumb/b/b9/Place_Jacobins_Lyon.jpg/280px-Place_Jacobins_Lyon.jpg;https://fr.wikipedia.org/wiki/Place_des_Jacobins_(Lyon)
20; Parc de la tête d’Or;lyon;lieu;Parc de la Tête d'or;Le parc de la Tête d'or est un parc urbain public situé à Lyon, l'un des plus grands de France. Œuvre des frères Denis et Eugène Bühler, le parc est ouvert dès 1857 alors que les travaux ne sont pas achevés. Il est exactement contemporain du Central Park de New York, créé la même année. Le parc est enrichi de nombreux bâtiments comme les grandes serres en 1865, le vélodrome, le chalet des gardes et le chalet en 1894, la clôture en 1896, les serres de collection en 1899, le monument aux morts de l'île aux Cygnes entre 1914 et 1930 ou encore la nouvelle roseraie entre 1961 et 1964.;http://upload.wikimedia.org/wikipedia/commons/thumb/5/56/Parc_de_la_T%C3%AAte_d%27Or_Vue_sur_le_lac7.jpg/280px-Parc_de_la_T%C3%AAte_d%27Or_Vue_sur_le_lac7.jpg;https://fr.wikipedia.org/wiki/Parc_de_la_T%C3%AAte_d%27or
21; Fresque des Lyonnais;lyon;lieu;Fresque des Lyonnais;La fresque des Lyonnais est une peinture murale de 800 m2 de surface, située à Lyon, dans la métropole de Lyon en France. Elle représente 24 personnages historiques lyonnais et 6 personnages contemporains. Elle a été réalisée en 1994-1995 par CitéCréation.;http://upload.wikimedia.org/wikipedia/commons/thumb/4/4b/Fresques_Lyonnais_rue_Martini%C3%A8re_Lyon_1.jpg/260px-Fresques_Lyonnais_rue_Martini%C3%A8re_Lyon_1.jpg;https://fr.wikipedia.org/wiki/Fresque_des_Lyonnais
22;Musée Gadagne;lyon;museum;Musées Gadagne;Les musées Gadagne forment un ensemble muséal, situé à Lyon, en France. Situé dans l'hôtel des Pierrevive, communément appelé « hôtel de Gadagne », dans le quartier Saint-Jean, l'un des trois quartiers formant le Vieux Lyon, cet ensemble comprend deux musées, l'un consacré à l'histoire de Lyon (MHL - musée d'histoire de Lyon) et l'autre aux arts de la marionnette (MAM - musée des arts de la marionnette). Après le constat de son obsolescence, le musée ferme en 1998 pour plus de dix ans de travaux de rénovation et d'agrandissement. Il est ouvert depuis le 12 juin 2009.;http://upload.wikimedia.org/wikipedia/commons/thumb/b/bc/Mus%C3%A9e_Gadagne.JPG/260px-Mus%C3%A9e_Gadagne.JPG;https://fr.wikipedia.org/wiki/Mus%C3%A9es_Gadagne
23; Musée de l’Histoire de Lyon;lyon;museum;Lyon;Lyon (prononcé /ljɔ̃/ ou /liɔ̃/ , Liyon en francoprovençal) est une commune française située dans le sud-est de la France, au confluent du Rhône et de la Saône. Siège du conseil de la métropole de Lyon, elle est le chef-lieu de l'arrondissement de Lyon, de la circonscription départementale du Rhône et de la région Auvergne-Rhône-Alpes. Ses habitants sont appelés les Lyonnais.;http://upload.wikimedia.org/wikipedia/commons/thumb/b/b8/Lyon-Paysages.jpg/280px-Lyon-Paysages.jpg;https://fr.wikipedia.org/wiki/Lyon
24; Musée des arts de la Marionnette;lyon;museum;Madelon (marionnette);Madelon est une marionnette à gaine lyonnaise du théâtre de Guignol. Seul personnage féminin récurrent, elle est le plus souvent l'épouse de Guignol, parfois la fille de Gnafron.;http://upload.wikimedia.org/wikipedia/commons/thumb/e/e9/Guignol_in_Lyon_1.jpg/41px-Guignol_in_Lyon_1.jpg;https://fr.wikipedia.org/wiki/Madelon_(marionnette)
25; Musée Miniature et Cinéma;lyon;museum;Musée Miniature et Cinéma;Le musée Miniature et Cinéma, anciennement musée des miniatures et décors de cinéma, est un musée privé fondé en 2005 par l'artiste miniaturiste Dan Ohlmann. Il est situé au no 60 rue Saint-Jean à Lyon, hébergé dans le bâtiment historique classé  de l'ancienne Maison des avocats.;http://upload.wikimedia.org/wikipedia/commons/thumb/f/f4/Mus%C3%A9e_des_Miniatures_et_du_Cin%C3%A9ma_-_Lyon.jpg/260px-Mus%C3%A9e_des_Miniatures_et_du_Cin%C3%A9ma_-_Lyon.jpg;https://fr.wikipedia.org/wiki/Mus%C3%A9e_Miniature_et_Cin%C3%A9ma
26; Maison des Canuts;lyon;museum;Canut;Les canuts, prononcé [kany], étaient les ouvriers tisserands de la soie sur les machines à tisser. Les canuts se nomment eux-mêmes ouvriers de la fabrique. Au sein de la fabrique, ces hommes ou ces femmes sont parmi les plus considérés des ouvriers, ils sont les plus nombreux et gagnent les meilleurs salaires. Ils se trouvaient principalement dans le quartier de la Croix-Rousse à Lyon (France) au XIXe siècle.;http://upload.wikimedia.org/wikipedia/commons/thumb/4/47/Metier_a_tisser.jpg/220px-Metier_a_tisser.jpg;https://fr.wikipedia.org/wiki/Canut
27; Jardin Botanique;lyon;museum;Jardin botanique de Lyon;Le jardin botanique de Lyon est un jardin botanique qui s'étend, au sein du parc de la Tête d'or, sur 8 hectares dont 6 500 m2 de serres. Ses collections comprennent 15 000 taxons.;http://upload.wikimedia.org/wikipedia/commons/thumb/c/c5/Jardin_botanique_lyon_2.JPG/280px-Jardin_botanique_lyon_2.JPG;https://fr.wikipedia.org/wiki/Jardin_botanique_de_Lyon
28; Parc Zoologique;lyon;museum;Jardin zoologique de Lyon;Le Zoo de Lyon, anciennement appelé Jardin zoologique de Lyon, mais aussi connu comme le Zoo du Parc de la Tête d'or, est un parc zoologique municipal français situé en Auvergne-Rhône-Alpes au sein du parc de la Tête d'or de la ville de Lyon. Créé en 1858 sous l'impulsion du préfet du Rhône Claude-Marius Vaïsse, il présente aujourd'hui un peu plus de 300 animaux de 66 espèces sur 9 hectares. Il est dirigé par Xavier Vaillant depuis 2012.;http://upload.wikimedia.org/wikipedia/fr/thumb/4/48/Logo-Zoo-300x203.jpg/250px-Logo-Zoo-300x203.jpg;https://fr.wikipedia.org/wiki/Jardin_zoologique_de_Lyon
29; Musée des Confluences;lyon;museum;Musée des Confluences;Le musée des Confluences est un musée d'histoire naturelle, d'anthropologie, des sociétés et des civilisations situé à Lyon en Auvergne-Rhône-Alpes. Héritier du Musée d'histoire naturelle Guimet de Lyon, il est hébergé dans un bâtiment de style déconstructiviste de l’agence d'architecture Coop Himmelb(l)au de 2014, dans le quartier de La Confluence, sur la pointe sud de la Presqu'île de Lyon, au confluent du Rhône et de la Saône (2e arrondissement de Lyon).;http://upload.wikimedia.org/wikipedia/commons/thumb/2/27/Logo_-_mus%C3%A9e_des_confluences.jpg/130px-Logo_-_mus%C3%A9e_des_confluences.jpg;https://fr.wikipedia.org/wiki/Mus%C3%A9e_des_Confluences
30; Musée des Beaux-arts;lyon;museum;Musée des Beaux-Arts de Lyon;Le musée des Beaux-Arts de Lyon est un musée municipal situé sur la place des Terreaux à Lyon (France) dans l'abbaye de Saint-Pierre-les-Nonnains, plus connu sous le nom de palais Saint-Pierre.;http://upload.wikimedia.org/wikipedia/commons/thumb/a/a2/MBA_Lyon_facade_nuit.jpg/260px-MBA_Lyon_facade_nuit.jpg;https://fr.wikipedia.org/wiki/Mus%C3%A9e_des_Beaux-Arts_de_Lyon
31; La Rosette de Lyon;lyon;food;Lyon;Lyon (prononcé /ljɔ̃/ ou /liɔ̃/ , Liyon en francoprovençal) est une commune française située dans le sud-est de la France, au confluent du Rhône et de la Saône. Siège du conseil de la métropole de Lyon, elle est le chef-lieu de l'arrondissement de Lyon, de la circonscription départementale du Rhône et de la région Auvergne-Rhône-Alpes. Ses habitants sont appelés les Lyonnais.;http://upload.wikimedia.org/wikipedia/commons/thumb/b/b8/Lyon-Paysages.jpg/280px-Lyon-Paysages.jpg;https://fr.wikipedia.org/wiki/Lyon
32; La Salade lyonnaise;lyon;food;Salade lyonnaise;La salade lyonnaise est une recette de cuisine de salade composée traditionnelle de la cuisine lyonnaise à Lyon, variante de la salade de pissenlit.;http://upload.wikimedia.org/wikipedia/commons/thumb/e/ed/Salade_lyonnaise.JPG/280px-Salade_lyonnaise.JPG;https://fr.wikipedia.org/wiki/Salade_lyonnaise
33; Le saucisson brioché;lyon;food;Saucisson brioché;Le saucisson brioché ou saucisson en brioche est une spécialité culinaire de charcuterie pâtissière traditionnelle de la cuisine lyonnaise, à base de saucisson chaud lyonnais cuit à l'étouffée au four dans une pâte à brioche moelleuse dorée, et servi en tranche.;http://upload.wikimedia.org/wikipedia/commons/thumb/5/50/Saucisson_pistach%C3%A9_en_brioche.jpg/280px-Saucisson_pistach%C3%A9_en_brioche.jpg;https://fr.wikipedia.org/wiki/Saucisson_brioch%C3%A9
34; Le Tablier de sapeur;lyon;food;Tablier de sapeur;Le tablier de sapeur est une spécialité culinaire de la région lyonnaise à base de gras-double (ou « bonnet nid d'abeille »).;http://upload.wikimedia.org/wikipedia/commons/thumb/2/24/Tablier_de_sapeur_-_d%C3%A9cember_2016.JPG/220px-Tablier_de_sapeur_-_d%C3%A9cember_2016.JPG;https://fr.wikipedia.org/wiki/Tablier_de_sapeur
35; Le Poulet Célestine;lyon;food;Cuisine lyonnaise;La cuisine lyonnaise est une cuisine traditionnelle régionale de la cuisine française. La cuisine lyonnaise, située au carrefour de traditions culinaires régionales, tire depuis des générations le meilleur parti des ressources agricoles des alentours : élevages de la Bresse et du Charolais, gibier de la Dombes, poissons des lacs savoyards, légumes et fruits primeurs de la Drôme, de l'Ardèche et du Forez, vins de Bourgogne, du Beaujolais et de la vallée du Rhône.;http://upload.wikimedia.org/wikipedia/commons/thumb/e/e2/Paul_Bocuse.jpg/170px-Paul_Bocuse.jpg;https://fr.wikipedia.org/wiki/Cuisine_lyonnaise
36; Les Quenelles;lyon;food;Quenelle;La quenelle est une pâte moelleuse de forme cylindrique/boudin pochée dans l’eau bouillante. Elle est confectionnée à partir soit de farine, de mie de pain, de semoule ou de pâte à choux, mêlées de viande et pochées à l'eau ou dans un bouillon. Elles sont typiques dans la cuisine traditionnelle de plusieurs régions de l'Est de la France — en particulier les cuisines lyonnaise ou alsacienne. Elles peuvent se préparer avec divers ingrédients, généralement des viandes blanches, notamment de brochet, de moelle, de veau, de volaille et, en Alsace, de foie.;http://upload.wikimedia.org/wikipedia/commons/thumb/d/dd/Quenelle_de_brochet_sauce_Nantua.jpg/280px-Quenelle_de_brochet_sauce_Nantua.jpg;https://fr.wikipedia.org/wiki/Quenelle
37; Le Saint Marcellin;lyon;food;Saint-marcellin;Le saint-marcellin est un fromage français du Dauphiné. Son Indication géographique protégée (IGP) date de la fin 2013, elle s'étend sur 274 communes en Isère, dans la Drôme et en Savoie.  ;http://upload.wikimedia.org/wikipedia/commons/thumb/1/1b/Wikicheese_-_Saint-marcellin_-_20150417_-_010.jpg/260px-Wikicheese_-_Saint-marcellin_-_20150417_-_010.jpg;https://fr.wikipedia.org/wiki/Saint-marcellin
38; La cervelle des canuts;lyon;food;Cervelle de canut;La cervelle de canut, également appelée claqueret ou tomme daubée, est une spécialité fromagère typique de la cuisine lyonnaise. Elle est dérivée d'une autre spécialité appelée sarasson.;http://upload.wikimedia.org/wikipedia/commons/thumb/9/9c/Plaque_rue_L%C3%A9on_de_Lyon_-_Paul_Lacombe_-_Cervelle_de_canut.JPG/220px-Plaque_rue_L%C3%A9on_de_Lyon_-_Paul_Lacombe_-_Cervelle_de_canut.JPG;https://fr.wikipedia.org/wiki/Cervelle_de_canut
39; La tarte aux pralines;lyon;food;Tarte aux pralines;La tarte aux pralines ou tarte à la praline est un dessert de type tarte, spécialité culinaire lyonnaise qui utilise la praline comme ingrédient central .;http://upload.wikimedia.org/wikipedia/commons/thumb/1/1d/Lyon-Tartelette_aux_pralines_01.jpg/220px-Lyon-Tartelette_aux_pralines_01.jpg;https://fr.wikipedia.org/wiki/Tarte_aux_pralines
40; Les Bugnes;lyon;food;Bugne;Les bugnes du Sud-Est sont de petites pâtisseries de la famille des beignets, dont les cousines proches sont les merveilles du Sud-Ouest de la France et en Vallée d'Aoste, sont originellement une spécialité culinaire du duché de Savoie, qui a fini par s'étendre dans toute la zone de locution de l'arpitan, notamment Lyon, le Dauphiné, la Vallée d'Aoste, la Vallée du Rhône et en Franche-Comté (jusqu'au centre-est de la France et dans les vallées francophones transalpines de la Vallée d'Aoste) mais également en Auvergne.;http://upload.wikimedia.org/wikipedia/commons/thumb/e/e9/Bugnes_white_background.jpg/220px-Bugnes_white_background.jpg;https://fr.wikipedia.org/wiki/Bugne
41; Cathédrale Notre Dame;strasbourg;monument;Cathédrale Notre-Dame de Strasbourg;La cathédrale Notre-Dame de Strasbourg est une cathédrale gothique catholique située à Strasbourg, en région Grand Est, dans le département français du Bas-Rhin en Alsace.;http://upload.wikimedia.org/wikipedia/commons/thumb/7/7e/Strasbourg_Cathedral_Exterior_-_Diliff.jpg/280px-Strasbourg_Cathedral_Exterior_-_Diliff.jpg;https://fr.wikipedia.org/wiki/Cath%C3%A9drale_Notre-Dame_de_Strasbourg
42; Hôtels et Palais du XVIIIème;strasbourg;monument;Hôtels particuliers de Toulouse;Toulouse, à la tête d'un vaste comté au Moyen Âge, puis capitale de la province de Languedoc jusqu'à la Révolution, a tout au long de son histoire compté parmi les principales villes de France. Centre de pouvoir, la ville a conservé jusqu'à nos jours de nombreux hôtels particuliers édifiés par ses élites : capitouls, marchands fortunés et noblesse de robe liée au Parlement de Toulouse notamment.;http://upload.wikimedia.org/wikipedia/commons/thumb/4/42/Ecole_Sup%C3%A9rieure_d%27Audiovisuel_-_Tour_Maurand_PA00094641.jpg/185px-Ecole_Sup%C3%A9rieure_d%27Audiovisuel_-_Tour_Maurand_PA00094641.jpg;https://fr.wikipedia.org/wiki/H%C3%B4tels_particuliers_de_Toulouse
43; Horloge astronomique;strasbourg;monument;Horloge astronomique de Strasbourg;L'Horloge astronomique de la Cathédrale Notre-Dame de Strasbourg est un chef-d'œuvre de la Renaissance, considéré à l'époque comme faisant partie des sept merveilles de l'Allemagne. Elle est classée monument historique depuis le 15 avril 1987.;http://upload.wikimedia.org/wikipedia/commons/thumb/2/27/Strasbourg_Cathedral_Astronomical_Clock_-_Diliff.jpg/290px-Strasbourg_Cathedral_Astronomical_Clock_-_Diliff.jpg;https://fr.wikipedia.org/wiki/Horloge_astronomique_de_Strasbourg
44; Eglise Saint Thomas;strasbourg;monument;Église Saint-Thomas de Strasbourg;L’église Saint-Thomas de Strasbourg (aussi appelée Thomaskirche en allemand) est située place Saint-Thomas dans le centre historique de la ville à proximité du quartier de la Petite France.;http://upload.wikimedia.org/wikipedia/commons/thumb/e/e3/Strasbourg_%C3%89glise_St_Thomas_janvier_2015.jpg/280px-Strasbourg_%C3%89glise_St_Thomas_janvier_2015.jpg;https://fr.wikipedia.org/wiki/%C3%89glise_Saint-Thomas_de_Strasbourg
45; Eglise Saint Pierre Le Vieux;strasbourg;monument;Église Saint-Pierre-le-Vieux de Strasbourg;L'église Saint-Pierre-le-Vieux de Strasbourg se situe place Saint-Pierre-le-Vieux, au bout de la rue du 22-Novembre et de la Grand'rue dans le centre historique de la ville.;http://upload.wikimedia.org/wikipedia/commons/thumb/6/67/Side_view_of_Saint-Pierre-le-Vieux_%28day%29.jpg/280px-Side_view_of_Saint-Pierre-le-Vieux_%28day%29.jpg;https://fr.wikipedia.org/wiki/%C3%89glise_Saint-Pierre-le-Vieux_de_Strasbourg
46; Eglise Saint Paul;strasbourg;monument;Église Saint-Paul de Strasbourg;L’église Saint-Paul de Strasbourg (« Paulskirche » en allemand) est située à l'intersection des quais Zorn et Mullenheim, au bord de l'Aar et de l'Ill. ;http://upload.wikimedia.org/wikipedia/commons/thumb/1/1d/Strasbourg_St_Paul_septembre_2015_%28recadr%C3%A9%29.jpg/280px-Strasbourg_St_Paul_septembre_2015_%28recadr%C3%A9%29.jpg;https://fr.wikipedia.org/wiki/%C3%89glise_Saint-Paul_de_Strasbourg
47; Palais Rohan;strasbourg;monument;Palais Rohan (Strasbourg);Le palais Rohan se situe dans le centre-ville de Strasbourg, Bas-Rhin, à côté de la cathédrale. Il abrite aujourd'hui trois musées, le musée des arts décoratifs, le musée des beaux-arts et le musée archéologique.;http://upload.wikimedia.org/wikipedia/commons/thumb/5/56/Cathedrale-de-Strasbourg-IMG_1331.jpg/280px-Cathedrale-de-Strasbourg-IMG_1331.jpg;https://fr.wikipedia.org/wiki/Palais_Rohan_(Strasbourg)
48; Théâtre National;strasbourg;monument;Théâtre national de Strasbourg;Le théâtre national de Strasbourg (TNS) a été créé en octobre 1968 à Strasbourg, sous l'impulsion d'Hubert Gignoux et André Malraux. Succédant au centre dramatique de l'Est, il est le seul théâtre national à se situer en dehors de Paris. Il abrite en son sein l’École supérieure d'art dramatique. Il est situé 1, avenue de la Marseillaise. Le TNS occupe la partie avant de l’ancien Palais de la diète d'Alsace-Lorraine dont la façade donne sur la place de la République. Comme les cinq autres théâtres nationaux, il a le statut juridique d'un établissement public à caractère industriel et commercial.;http://upload.wikimedia.org/wikipedia/fr/thumb/a/a3/Logo_TNS.jpg/220px-Logo_TNS.jpg;https://fr.wikipedia.org/wiki/Th%C3%A9%C3%A2tre_national_de_Strasbourg
49; Barrage Vauban;strasbourg;monument;Barrage Vauban;Le barrage Vauban, aussi appelé « Grande Écluse de fortification », est un pont-écluse classé monument historique situé à Strasbourg.;http://upload.wikimedia.org/wikipedia/commons/thumb/c/c2/Strasbourg_Barrage_Vauban_apr%C3%A8s_restauration_2012-01.jpg/280px-Strasbourg_Barrage_Vauban_apr%C3%A8s_restauration_2012-01.jpg;https://fr.wikipedia.org/wiki/Barrage_Vauban
50; Maison Kammezel;strasbourg;lieu;Maison Kammerzell;La maison Kammerzell /kʰa.məʁ.tse:l/ - aussi appelée s'Kammerzellhüs en dialecte strasbourgeois – est un monument historique de la ville de Strasbourg, archétype de la maison alsacienne à colombage du XVIe siècle, située au n° 16 de la place de la Cathédrale.;https://upload.wikimedia.org/wikipedia/commons/thumb/0/0f/2011-08-27_Frankreich_Elsass_Strassburg_Haus_Kammerzell_%285a%29.JPG/800px-2011-08-27_Frankreich_Elsass_Strassburg_Haus_Kammerzell_%285a%29.JPG;https://fr.wikipedia.org/wiki/Maison_Kammerzell
51; Quartier de la Petite France;strasbourg;lieu;Petite France (Strasbourg);La Petite France est un quartier pittoresque du centre historique de Strasbourg. Situé sur la Grande Île, il est classé au patrimoine mondial de l'UNESCO depuis 1988.;http://upload.wikimedia.org/wikipedia/commons/thumb/d/df/Strasbourg_%283187697047%29.jpg/280px-Strasbourg_%283187697047%29.jpg;https://fr.wikipedia.org/wiki/Petite_France_(Strasbourg)
52; Ponts couverts;strasbourg;lieu;Ponts couverts (Strasbourg);Les ponts couverts de Strasbourg sont trois ponts enjambant l'Ill au cœur de la Petite France.;http://upload.wikimedia.org/wikipedia/commons/thumb/c/cb/Panorama_de_Strasbourg_-_2014-02-02-_P1760343_-_P1760348.jpg/280px-Panorama_de_Strasbourg_-_2014-02-02-_P1760343_-_P1760348.jpg;https://fr.wikipedia.org/wiki/Ponts_couverts_(Strasbourg)
53; Place Broglie;strasbourg;lieu;Place Broglie;La place Broglie est une place située dans le centre historique de Strasbourg.;http://upload.wikimedia.org/wikipedia/commons/thumb/2/2d/Place_broglie.JPG/280px-Place_broglie.JPG;https://fr.wikipedia.org/wiki/Place_Broglie
54; Parc de l’Orangerie;strasbourg;lieu;Parc de l'Orangerie;Le parc de l'Orangerie est un parc public de la ville de Strasbourg. Il est situé en face du Palais de l’Europe et proche des autres institutions européennes dans le quartier dit de l'Orangerie, au sein de la Neustadt. Sa superficie est de 26 hectares.;http://upload.wikimedia.org/wikipedia/commons/thumb/2/28/Absolute_Pavillon_Jos%C3%A9phine_01.jpg/280px-Absolute_Pavillon_Jos%C3%A9phine_01.jpg;https://fr.wikipedia.org/wiki/Parc_de_l%27Orangerie
55; Parlement Européen;strasbourg;lieu;Parlement européen;Le Parlement européen (PE) est l'organe parlementaire de l'Union européenne (UE) élu au suffrage universel direct. Il partage avec le Conseil de l'Union européenne le pouvoir législatif de l'Union européenne.;http://upload.wikimedia.org/wikipedia/commons/thumb/2/2c/European_Parliament_Strasbourg_Hemicycle_-_Diliff.jpg/250px-European_Parliament_Strasbourg_Hemicycle_-_Diliff.jpg;https://fr.wikipedia.org/wiki/Parlement_europ%C3%A9en
56; Château du Haut Koeingsbourg;strasbourg;lieu;Château du Haut-Kœnigsbourg;Le château du Haut-Kœnigsbourg est un château fort alsacien du XIIe siècle, profondément remanié au XVe siècle et restauré avant la Première Guerre mondiale sous Guillaume II;https://upload.wikimedia.org/wikipedia/commons/thumb/1/11/Chateau_Haut_Koenigsbourg.JPG/420px-Chateau_Haut_Koenigsbourg.JPG;https://fr.wikipedia.org/wiki/Ch%C3%A2teau_du_Haut-K%C5%93nigsbourg
57; Place Kléber;strasbourg;lieu;Place Kléber;La place Kléber est la principale place publique du centre-ville de Strasbourg.;http://upload.wikimedia.org/wikipedia/commons/thumb/e/ef/Place_Kl%C3%A9ber_on_a_rainy_day.jpg/300px-Place_Kl%C3%A9ber_on_a_rainy_day.jpg;https://fr.wikipedia.org/wiki/Place_Kl%C3%A9ber
58; Musée Archéologique;strasbourg;museum;Musée archéologique de Strasbourg;Le musée archéologique de la ville de Strasbourg est l'un des plus importants musées d’archéologie de France dans le domaine des « Antiquités nationales » après le musée d'archéologie nationale de Saint-Germain-en-Laye, près de Paris. Il est installé dans les vastes sous-sols du palais Rohan et présente plusieurs millénaires de l’histoire antique de l’Alsace et de ses habitants, depuis les origines lointaines du Paléolithique (600 000 ans av. J.-C.) jusqu'aux débuts du Moyen Âge (800 apr. J.-C.). Un parcours de 1 200 m2 s’organise autour de quatre grandes sections chronologiques : Préhistoire, Protohistoire, époque gallo-romaine, époque mérovingienne.;http://upload.wikimedia.org/wikipedia/commons/thumb/f/fc/Cour_int%C3%A9rieure_Palais_des_Rohan_Strasbourg.jpg/260px-Cour_int%C3%A9rieure_Palais_des_Rohan_Strasbourg.jpg;https://fr.wikipedia.org/wiki/Mus%C3%A9e_arch%C3%A9ologique_de_Strasbourg
59; Musée des Beaux-Arts;strasbourg;museum;Musée des Beaux-Arts de Strasbourg;Le musée des Beaux-Arts de Strasbourg se trouve dans le palais des Rohan situé à côté de la cathédrale.;http://upload.wikimedia.org/wikipedia/commons/thumb/8/88/Le_Palais_des_Rohans.jpg/260px-Le_Palais_des_Rohans.jpg;https://fr.wikipedia.org/wiki/Mus%C3%A9e_des_Beaux-Arts_de_Strasbourg
60; Musée des arts décoratifs;strasbourg;museum;Musée des arts décoratifs de Strasbourg;Le musée des arts décoratifs de Strasbourg est installé au rez-de-chaussée de l’ancienne résidence des princes-évêques de la métropole alsacienne, le palais des Rohan.;http://upload.wikimedia.org/wikipedia/commons/thumb/3/33/Paul_Hannong_Strassburg.jpg/260px-Paul_Hannong_Strassburg.jpg;https://fr.wikipedia.org/wiki/Mus%C3%A9e_des_arts_d%C3%A9coratifs_de_Strasbourg
61; Musée d’art moderne et contemporain(MAMCS);strasbourg;museum;Musée d'Art moderne et contemporain de Strasbourg;Le musée d'Art moderne et contemporain de Strasbourg (MAMCS) a été inauguré par Catherine Trautmann, alors ministre de la Culture et ancien maire de Strasbourg, en décembre 1998. Il est construit, par l'architecte Adrien Fainsilber, sur la rive gauche de l'Ill, face au siège du conseil général du Bas-Rhin et à proximité du barrage Vauban et du quartier pittoresque de la Petite France. La place Jean-Arp, sur laquelle s'ouvre le musée, accueille également sur sa partie nord l'École nationale d'administration, installée dans l'ancienne prison Sainte-Marguerite.;http://upload.wikimedia.org/wikipedia/fr/thumb/d/d2/Mamcs-c%C3%B4t%C3%A9PetiteFrance.jpg/260px-Mamcs-c%C3%B4t%C3%A9PetiteFrance.jpg;https://fr.wikipedia.org/wiki/Mus%C3%A9e_d%27Art_moderne_et_contemporain_de_Strasbourg
62; Maison historique de Strasbourg;strasbourg;museum;Strasbourg;Strasbourg (prononcé /stʁas.buʁ/ ) est une commune française située dans le département du Bas-Rhin. Préfecture du département, elle est également, depuis le 1er janvier 2016, le chef-lieu de la région Grand Est. Capitale de la région historique d'Alsace, la ville est bordée par le Rhin et frontalière avec l'Allemagne.;http://upload.wikimedia.org/wikipedia/commons/thumb/f/f2/Place_kleber-MJ.jpg/278px-Place_kleber-MJ.jpg;https://fr.wikipedia.org/wiki/Strasbourg
63; Musée Zoologique;strasbourg;museum;Musée zoologique de la ville de Strasbourg;Le musée zoologique de la ville de Strasbourg présente des collections de zoologie appartenant à la ville de Strasbourg et gérées par l'université de Strasbourg. Il est situé boulevard de la Victoire à proximité du campus historique.;http://upload.wikimedia.org/wikipedia/commons/thumb/7/7a/Mus%C3%A9e_zoologique_de_Strasbourg.JPG/260px-Mus%C3%A9e_zoologique_de_Strasbourg.JPG;https://fr.wikipedia.org/wiki/Mus%C3%A9e_zoologique_de_la_ville_de_Strasbourg
64; Musée Alsacien;strasbourg;museum;Musée alsacien;Le Musée alsacien de la ville de Strasbourg est un musée d’arts et traditions populaires, présentant les témoignages de la vie alsacienne traditionnelle du XVIIe au XXe siècle : habitat, mobilier, objets du quotidien, céramiques, costumes, objets religieux, jouets, artisanat. Ils sont présentés pour la plupart dans des reconstitutions d’intérieurs et d’ateliers d’artisans. Le Musée alsacien est notamment dépositaire depuis l’origine d’une importante collection confiée par la Société d'histoire des Israélites d'Alsace et de Lorraine permettant de présenter, en association aux collections dont le musée est propriétaire, le patrimoine culturel des Juifs d’Alsace.;http://upload.wikimedia.org/wikipedia/commons/thumb/3/36/Strasbourg_23_et_24_quai_saint_Nicolas_Mus%C3%A9e_alsacien.jpg/260px-Strasbourg_23_et_24_quai_saint_Nicolas_Mus%C3%A9e_alsacien.jpg;https://fr.wikipedia.org/wiki/Mus%C3%A9e_alsacien
65; Le baeckeoffe;strasbourg;food;Baeckeoffe;Le baeckeoffe [bèke-ofe] (Bas-Rhin et Moselle germanophone) ou Baeckaoffa (Haut-Rhin) (Bäckerofen, littéralement four à pain en allemand), est un plat traditionnel emblématique de la cuisine alsacienne, à base de pommes de terre, de légumes, et d'assortiment de viandes d'agneau, de bœuf et de porc, mariné, puis mijoté à l'étouffée sur plus de 24 heures dans une terrine, avec des épices, et du vin blanc du vignoble d'Alsace.;http://upload.wikimedia.org/wikipedia/commons/thumb/d/d8/Baeckeoffe_01.JPG/280px-Baeckeoffe_01.JPG;https://fr.wikipedia.org/wiki/Baeckeoffe
66; Le Flammekueche;strasbourg;food;Tarte flambée;La tarte flambée ou Flammekueche est une recette traditionnelle des cuisine alsacienne, cuisine lorraine de la Moselle germanophone, et de la cuisine allemande des régions adjacentes du Pays de Bade, du Palatinat.;http://upload.wikimedia.org/wikipedia/commons/thumb/3/3a/Tarte_flamb%C3%A9e_03.jpg/280px-Tarte_flamb%C3%A9e_03.jpg;https://fr.wikipedia.org/wiki/Tarte_flamb%C3%A9e
67; La choucroute;strasbourg;food;Choucroute d'Alsace;La choucroute d’Alsace est une préparation alimentaire traditionnelle de choucroute de la cuisine alsacienne et de la cuisine française, obtenue par fermentation naturelle de variétés sélectionnées de chou cabus.;http://upload.wikimedia.org/wikipedia/commons/thumb/6/6f/Choucroute_d%27Alsace_004.jpg/280px-Choucroute_d%27Alsace_004.jpg;https://fr.wikipedia.org/wiki/Choucroute_d%27Alsace
68; Le Bretzel;strasbourg;food;Bretzel;Un ou une, bretzel est une pâtisserie salée traditionnelle typique de l'Alsace et de la Bavière qui se disputent l'appartenance, à base de pâte de brioche, pochée dans une solution alcaline, en forme de nœud ou de bras entrelacés, et recouvert d'éclats de gros sel.;http://upload.wikimedia.org/wikipedia/commons/thumb/3/30/BrezelnSalz02_%28cropped%29.JPG/280px-BrezelnSalz02_%28cropped%29.JPG;https://fr.wikipedia.org/wiki/Bretzel
69; Les Spatzles;strasbourg;food;Maison des Tanneurs (Strasbourg);La Maison des Tanneurs de Strasbourg est une maison à colombages alsacienne traditionnelle, historique, et pittoresque, de style Renaissance strasbourgeoise du XVIe siècle, du quartier de la Petite France de la Grande Île de Strasbourg, dans le centre historique de Strasbourg, dans le Bas-Rhin en Alsace dans le Grand Est. Actuel restaurant Winstub institutionnel alsacien, parmi les monuments touristiques les plus célèbres de Strasbourg, elle est classée aux monuments historiques depuis le 7 mars 1927.;http://upload.wikimedia.org/wikipedia/commons/thumb/6/60/Miroir_parfait.JPG/280px-Miroir_parfait.JPG;https://fr.wikipedia.org/wiki/Maison_des_Tanneurs_(Strasbourg)
70; La Mannala;strasbourg;food;Alsace;"L’Alsace (prononciation : /al.zas/ ; en allemand : Elsass, en alsacien : ’s Elsàss) est une région culturelle et historique de l’est de la France à la frontière avec l'Allemagne et la Suisse. Ses habitants sont appelés les Alsaciens.";http://upload.wikimedia.org/wikipedia/commons/thumb/e/e8/FranceWater.JPG/200px-FranceWater.JPG;https://fr.wikipedia.org/wiki/Alsace
71; Le Kougelhopf;strasbourg;food;Kougelhopf;Le kougelhopf, de son nom originel alsacien, ou encore kouglof, kougelhof, kugelhof, kugelopf,  kugelhopf ou kouglouf (en alsacien (Haut-Rhin) Kugelhupf, en allemand Gugelhupf, en francique lorrain Fùrmekùùche, en tchèque Bábovka) est une spécialité alsacienne, de l'Autriche, de la Tchéquie et du sud de l'Allemagne. ;http://upload.wikimedia.org/wikipedia/commons/thumb/4/4b/Moules_%C3%A0_kouglof_anciens.JPG/220px-Moules_%C3%A0_kouglof_anciens.JPG;https://fr.wikipedia.org/wiki/Kougelhopf
72; Le Pain d’Epice;strasbourg;food;Pain d'épices;Le pain d'épices (ou pain d'épice) est un gâteau au miel, agrémenté d'épices diverses comme la cannelle, la coriandre, le gingembre ou l'anis étoilé (badiane).;http://upload.wikimedia.org/wikipedia/commons/thumb/8/88/Pain_depices_p1050128.jpg/280px-Pain_depices_p1050128.jpg;https://fr.wikipedia.org/wiki/Pain_d%27%C3%A9pices
73; La tarte flambée;strasbourg;food;Tarte flambée;La tarte flambée ou Flammekueche est une recette traditionnelle des cuisine alsacienne, cuisine lorraine de la Moselle germanophone, et de la cuisine allemande des régions adjacentes du Pays de Bade, du Palatinat.;http://upload.wikimedia.org/wikipedia/commons/thumb/3/3a/Tarte_flamb%C3%A9e_03.jpg/280px-Tarte_flamb%C3%A9e_03.jpg;https://fr.wikipedia.org/wiki/Tarte_flamb%C3%A9e
74; Les vins d’Alsace;strasbourg;food;Gewurztraminer d'Alsace;Le gewurztraminer d'Alsace, ou alsace gewurztraminer, est un vin blanc français produit dans le vignoble d'Alsace à partir du cépage gewurztraminer Rs.;http://upload.wikimedia.org/wikipedia/commons/thumb/b/b1/Gewurztraminer_-_vendage_tardive.jpg/280px-Gewurztraminer_-_vendage_tardive.jpg;https://fr.wikipedia.org/wiki/Gewurztraminer_d%27Alsace
75; Basilique Notre Dame de la Garde;marseille;monument;Basilique Notre-Dame-de-la-Garde;Notre-Dame-de-la-Garde (en provençal, Nouestro-Damo de la Gardo), souvent surnommée « la Bonne Mère » (la Boueno Maire en provençal), est une basilique mineure du XIXe siècle de l'Église catholique. Emblème de Marseille, dédiée à Notre-Dame de la Garde (protectrice de Marseille avec Saint Victor), elle domine la ville et la mer Méditerranée depuis le sommet de la colline Notre-Dame-de-la-Garde (site classé depuis 1917).;http://upload.wikimedia.org/wikipedia/commons/thumb/4/40/Notre_Dame_de_la_Garde.jpg/280px-Notre_Dame_de_la_Garde.jpg;https://fr.wikipedia.org/wiki/Basilique_Notre-Dame-de-la-Garde
76; L’Hôtel de Ville;marseille;monument;Hôtel de ville de Marseille;L'hôtel de ville de Marseille, situé quai du port dans le 2e arrondissement de Marseille, est un immeuble du XVIIe siècle qui abrite le bureau du maire de Marseille.;http://upload.wikimedia.org/wikipedia/commons/thumb/e/eb/Marseille-H%C3%B4tel_de_ville-bjs180810-02.jpg/260px-Marseille-H%C3%B4tel_de_ville-bjs180810-02.jpg;https://fr.wikipedia.org/wiki/H%C3%B4tel_de_ville_de_Marseille
77; Château d’If;marseille;monument;Château d'If;Le château d'If est une forteresse française édifiée sur les ordres du roi François Ier, entre 1527 et 1529 sur l'îlot d'If de l'archipel du Frioul, proche des îles de Ratonneau et Pomègues au centre de la rade de Marseille.;http://upload.wikimedia.org/wikipedia/commons/thumb/0/01/Monte-Cristo_if_castle_-_marseille_France_by_JM_Rosier.JPG/280px-Monte-Cristo_if_castle_-_marseille_France_by_JM_Rosier.JPG;https://fr.wikipedia.org/wiki/Ch%C3%A2teau_d%27If
78; Cathédrale la Major;marseille;monument;Cathédrale Sainte-Marie-Majeure de Marseille;La cathédrale de la Major ou cathédrale Sainte-Marie-Majeure est la cathédrale catholique de l'archidiocèse de Marseille.;http://upload.wikimedia.org/wikipedia/commons/thumb/0/0e/Marseille.Cath%C3%A9drale_Sainte-Marie-Majeure%2C_dite_Nouvelle_Major%281%29.jpg/280px-Marseille.Cath%C3%A9drale_Sainte-Marie-Majeure%2C_dite_Nouvelle_Major%281%29.jpg;https://fr.wikipedia.org/wiki/Cath%C3%A9drale_Sainte-Marie-Majeure_de_Marseille
79; Palais Longchamp;marseille;monument;Palais Longchamp;Le palais Longchamp est un palais-château d'eau de style néo-classique-Second Empire du XIXe siècle, du quartier Cinq-Avenues du 4e arrondissement de Marseille, dans les Bouches-du-Rhône en Provence-Alpes-Côte d'Azur. Le site est inscrit aux monuments historiques depuis le 1er octobre 1974, et classé depuis le 18 novembre 1997 et 8 septembre 1999.;http://upload.wikimedia.org/wikipedia/commons/thumb/4/42/Palais_Longchamp_%28Marseille%29.jpg/260px-Palais_Longchamp_%28Marseille%29.jpg;https://fr.wikipedia.org/wiki/Palais_Longchamp
80; Arc de Triomphe;marseille;monument;Place Jules-Guesde;La place Jules-Guesde est une place des 1er, 2e et 3e arrondissement de Marseille construite à l'emplacement de la porte, dans les anciens remparts de la ville, ouvrant sur le chemin d'Aix-en-Provence. Elle est, de ce fait, appelée couramment porte d'Aix. Au centre de la place se dresse un arc de triomphe.;http://upload.wikimedia.org/wikipedia/commons/thumb/3/3e/Porte_d%27Aix_%C3%A0_Marseille.jpg/280px-Porte_d%27Aix_%C3%A0_Marseille.jpg;https://fr.wikipedia.org/wiki/Place_Jules-Guesde
81; Abbaye Saint;marseille;monument;Abbaye Saint-Victor de Marseille;L’abbaye Saint-Victor de Marseille a été fondée au Ve siècle par Jean Cassien, à proximité des tombes de martyrs de Marseille, parmi lesquels saint Victor de Marseille († en 303 ou 304), qui lui donna son nom. L'abbaye prit une importance considérable au tournant du premier millénaire par son rayonnement dans toute la Provence. L'un de ses abbés, Guillaume de Grimoard, fut élu pape en 1362 sous le nom d'Urbain V. À partir du XVe siècle, l'abbaye entama un déclin irrémédiable.;http://upload.wikimedia.org/wikipedia/commons/thumb/3/39/Abbaye_Saint-Victor_%28Marseille%29.jpg/280px-Abbaye_Saint-Victor_%28Marseille%29.jpg;https://fr.wikipedia.org/wiki/Abbaye_Saint-Victor_de_Marseille
82; La Vieille Charité-Victor;marseille;monument;Vieille Charité;La Vieille charité, située 2, rue de la Charité, au cœur du quartier du Panier dans le 2e arrondissement de Marseille, dans le quartier officiel des Grands-Carmes, est un bâtiment édifié au XVIIe siècle, sur les plans de Pierre Puget pour abriter les indigents et les pauvres de la ville.;https://upload.wikimedia.org/wikipedia/commons/thumb/b/bb/L%27hospice_de_La_Vieille_Charit%C3%A9_qui_abrite_le_Mus%C3%A9e_de_la_Vieille_Charit%C3%A9.jpg/1024px-L%27hospice_de_La_Vieille_Charit%C3%A9_qui_abrite_le_Mus%C3%A9e_de_la_Vieille_Charit%C3%A9.jpg;https://fr.wikipedia.org/wiki/Vieille_Charit%C3%A9
83; L’Opéra de Marseille;marseille;monument;Marseille;Marseille (localement en occitan provençal : Marselha) est une commune du Sud-Est de la France, chef-lieu du département des Bouches-du-Rhône et de la région Provence-Alpes-Côte d'Azur.;http://upload.wikimedia.org/wikipedia/commons/thumb/0/09/MarseillePaysage.jpg/280px-MarseillePaysage.jpg;https://fr.wikipedia.org/wiki/Marseille
84; Fort Saint Jean;marseille;monument;Fort Saint-Jean (Marseille);Le fort Saint-Jean doit son nom à la commanderie des Hospitaliers de Saint-Jean de Jérusalem établie sur cet éperon, prolongement de la butte Saint-Laurent, vers la fin du XIIe siècle. Il est situé dans le quartier de l'Hôtel de ville, dans le 2e arrondissement. À cet emplacement, des vestiges de la toute première occupation grecque au VIe siècle av. J.-C. ont été découverts.;http://upload.wikimedia.org/wikipedia/commons/thumb/3/35/Fort-Jean_%C3%A0_Marseille_3.jpg/260px-Fort-Jean_%C3%A0_Marseille_3.jpg;https://fr.wikipedia.org/wiki/Fort_Saint-Jean_(Marseille)
85; Canebière;marseille;lieu;Canebière;La Canebière, anciennement Cannebis puis Cannebière (en occitan provençal : la Canebiera en norme classique ou la Canebiero en norme mistralienne) est une avenue du centre de Marseille mesurant 1 km, qui va de l'église des Réformés au Vieux Port et englobe, depuis 1927, la rue Noailles et les allées de Meilhan.;http://upload.wikimedia.org/wikipedia/commons/thumb/3/3f/Marseille_Canebi%C3%A8re_and_Palais_de_la_Bourse.jpg/280px-Marseille_Canebi%C3%A8re_and_Palais_de_la_Bourse.jpg;https://fr.wikipedia.org/wiki/Canebi%C3%A8re
86; Vieux-Port;marseille;lieu;Vieux-Port de Marseille;Le Vieux-Port de Marseille (en provençal lo Pòrt Vielh selon la norme classique, lou Port-Vièi selon la norme mistralienne,,) est le plus ancien port de Marseille, ainsi que le centre historique et culturel de la ville depuis sa fondation sur ce site durant l'Antiquité. Le port était le centre économique de Marseille jusqu'au milieu du XIXe siècle, ouvert sur le commerce de la Mer Méditerranée puis des colonies françaises. Les activités portuaires de commerce furent ensuite déplacées vers d'autres sites plus au nord : les bassins de l'actuel Grand port maritime de Marseille.;http://upload.wikimedia.org/wikipedia/commons/thumb/7/74/Marseille_Old_Port.jpg/260px-Marseille_Old_Port.jpg;https://fr.wikipedia.org/wiki/Vieux-Port_de_Marseille
87; Le Panier;marseille;lieu;Le Panier;Le Panier désigne un quartier de Marseille situé dans le 2e arrondissement, partagé entre trois quartiers administratifs : Hôtel-de-Ville, Les Grands-Carmes et La Joliette. ;http://upload.wikimedia.org/wikipedia/commons/thumb/c/c8/Rue_Panier_Marseille.jpg/280px-Rue_Panier_Marseille.jpg;https://fr.wikipedia.org/wiki/Le_Panier
88; Les Calanques;marseille;lieu;Calanques;Les Calanques, connues aussi sous l'appellation calanques de Marseille, sont constituées d'une succession d'anses et de criques s'étendant sur plus de vingt kilomètres de côtes sur la mer Méditerranée entre les quartiers marseillais de la Madrague de Montredon et des Goudes d'une part, et entre le cap Croisette et la ville de Cassis d'autre part. Elles sont réparties sur le littoral des massifs de Marseilleveyre et du Puget. Par commodité de langage, cet ensemble montagneux est aussi appelé massif des Calanques. C'est l'un des sites naturels les plus remarquables de France et une zone majeure de ressourcement pour le 1,5 à 2 millions de visiteurs par an à terre et en mer. ;http://upload.wikimedia.org/wikipedia/commons/thumb/8/8b/Carte_calanques_marseille.jpg/280px-Carte_calanques_marseille.jpg;https://fr.wikipedia.org/wiki/Calanques
89; Les Plages du Prado;marseille;lieu;Plages du Prado;Les plages du Prado sont un aménagement artificiel du littoral créé à la fin des années 1970 par Gaston Defferre à Marseille. Les plages ont été construites sur 20 hectares pris sur la mer, à l'aide des remblais issus de la construction des deux lignes de métro marseillaises. Leur construction est due en partie au fait qu'avant cela, les jours de mistral, les vagues de la mer venaient mourir au bord de la chaussée, arrosant copieusement passants et véhicules. ;http://upload.wikimedia.org/wikipedia/commons/thumb/9/9c/Mistral_gagnant_Plages_du_Prado%2C_Marseille.jpg/280px-Mistral_gagnant_Plages_du_Prado%2C_Marseille.jpg;https://fr.wikipedia.org/wiki/Plages_du_Prado
90; Le Parc Borelly;marseille;lieu;Parc Borély;Le parc Borély est un des parcs et jardins publics de Marseille, du quartier de Bonneveine dans le 8e arrondissement de Marseille. Historiquement associé au château Borély et hippodrome-golf Marseille Borély, à proximité des plages du Prado, au bout de la corniche du Président-John-Fitzgerald-Kennedy, il est labellisé « jardin remarquable ».;http://upload.wikimedia.org/wikipedia/commons/thumb/b/bb/Marseille-Ch%C3%A2teau_Bor%C3%A9ly%282%29.jpg/280px-Marseille-Ch%C3%A2teau_Bor%C3%A9ly%282%29.jpg;https://fr.wikipedia.org/wiki/Parc_Bor%C3%A9ly
91; Le Cours Julien;marseille;lieu;Cours Julien;Le cours Julien se situe dans le quartier Notre-Dame du Mont (6e arrondissement). Il comprend deux parties : une vaste place piétonne qui va de la rue des Trois-Frères-Barthélémy à la rue Armand-Bédarride et une voie  ouverte à la circulation automobile de la rue Armand-Bédarride au boulevard Garibaldi.;http://upload.wikimedia.org/wikipedia/commons/thumb/3/32/Cours_Julien_%C3%A0_Marseille_%28France%29.jpg/280px-Cours_Julien_%C3%A0_Marseille_%28France%29.jpg;https://fr.wikipedia.org/wiki/Cours_Julien
92; Le Vallon des Auffes;marseille;lieu;Vallon des Auffes;Le vallon des Auffes (en occitan provençal Lo Valon deis Aufas) est un petit port de pêche pittoresque traditionnel sur la corniche Kennedy, du quartier d'Endoume, dans le 7e arrondissement de Marseille. Il se situe à 2 km au sud-ouest du Vieux-Port, entre la plage des Catalans et l'anse de Malmousque.;http://upload.wikimedia.org/wikipedia/commons/thumb/b/b6/MarseillesRade.jpg/260px-MarseillesRade.jpg;https://fr.wikipedia.org/wiki/Vallon_des_Auffes
93; La Corniche JF Kennedy;marseille;lieu;Corniche du Président-John-Fitzgerald-Kennedy;La corniche Kennedy ou corniche du Président-John-Fitzgerald-Kennedy est un boulevard de bord de mer de Marseille et une route touristique qui longe la mer Méditerranée sur environ 3,7 km, de la plage Les Catalans aux plages du Prado;https://upload.wikimedia.org/wikipedia/commons/thumb/c/cd/Corniche_Kennedy_Fausse_Monnaie.JPG/800px-Corniche_Kennedy_Fausse_Monnaie.JPG;https://fr.wikipedia.org/wiki/Corniche_du_Pr%C3%A9sident-John-Fitzgerald-Kennedy
94; Le Vélodrome;marseille;lieu;Stade Vélodrome;Le stade Vélodrome (appelé Orange Vélodrome par contrat de naming depuis 2016) est une enceinte sportive située à Marseille en France. Bâti dans le 8e arrondissement, c'est le principal équipement sportif de Marseille et le second stade de France en termes de capacité. Le Vélodrome est, depuis son inauguration en 1937, utilisé par le club de football de l'Olympique de Marseille.;http://upload.wikimedia.org/wikipedia/commons/thumb/8/85/Stade_V%C3%A9lodrome_1.jpg/260px-Stade_V%C3%A9lodrome_1.jpg;https://fr.wikipedia.org/wiki/Stade_V%C3%A9lodrome
95; Le MuCEM;marseille;museum;Musée des Civilisations de l'Europe et de la Méditerranée;Le musée des Civilisations de l'Europe et de la Méditerranée (Mucem) est un musée national situé à Marseille. Il a ouvert le 7 juin 2013, lorsque Marseille était la Capitale européenne de la culture. Sa superficie totale est de 45 000 mètres carrés dont 4 900 m2 d'espace d'exposition et 7 000 m2 de réserves comprenant les quelque 350 000 références du musée.;http://upload.wikimedia.org/wikipedia/fr/thumb/7/79/Logo_Mucem.jpg/130px-Logo_Mucem.jpg;https://fr.wikipedia.org/wiki/Mus%C3%A9e_des_Civilisations_de_l%27Europe_et_de_la_M%C3%A9diterran%C3%A9e
96; Le Musée du Savon;marseille;museum;Savon de Marseille;Le savon de Marseille est un type de savon résultant de la saponification d'un mélange d'huiles, généralement végétales, par de la soude. Particulièrement efficace par son pouvoir nettoyant, ce produit utilisé pour l’hygiène du corps peut être fabriqué de façon industrielle ou artisanale.  ;http://upload.wikimedia.org/wikipedia/commons/thumb/6/6e/Savons_de_Marseille_002.JPG/220px-Savons_de_Marseille_002.JPG;https://fr.wikipedia.org/wiki/Savon_de_Marseille
97; Le Musée de l’histoire de Marseille;marseille;museum;Histoire de Marseille;L’histoire de Marseille retrace les 2 600 ans de la cité depuis sa fondation.;http://upload.wikimedia.org/wikipedia/commons/thumb/8/83/Pyth%C3%A9as.jpg/220px-Pyth%C3%A9as.jpg;https://fr.wikipedia.org/wiki/Histoire_de_Marseille
98; Le Musée des Beaux-Arts;marseille;museum;Musée des Beaux-Arts de Marseille;Le musée des Beaux-Arts de Marseille, en Provence-Alpes-Côte d'Azur, est l'un des principaux musées de la ville. Installé dans une aile du palais Longchamp il présente une collection de peintures, sculptures et dessins du XVIe au XIXe siècle.;http://upload.wikimedia.org/wikipedia/commons/thumb/d/da/Palais_Longchamp.jpg/260px-Palais_Longchamp.jpg;https://fr.wikipedia.org/wiki/Mus%C3%A9e_des_Beaux-Arts_de_Marseille
99; Museum d’Histoire Naturelle;marseille;museum;Muséum national d'histoire naturelle;Le Muséum national d'histoire naturelle (MNHN) est un établissement français d'enseignement, de recherche et de diffusion de la culture scientifique naturaliste (sciences de la vie, sciences de la Terre, anthropologie et disciplines dérivées). Fondé en 1793 en continuité du Jardin royal des plantes médicinales créé en 1626, c'est l'un des plus anciens établissements mondiaux de ce type. Il est doté du statut de grand établissement et placé sous la double tutelle administrative des ministères de l'Enseignement supérieur et de la Recherche et de l'Environnement,. Son siège est le jardin des plantes de Paris mais il comporte d'autres sites, aussi bien à Paris qu'en différents lieux de France. Le Muséum dispose d'un personnel d'environ 2 200 membres dont 500 chercheurs. Depuis la réforme de 2014, il est dirigé par un Président, assisté de directeurs-généraux délégués.;http://upload.wikimedia.org/wikipedia/commons/thumb/e/e7/MNHN-logo.jpg/260px-MNHN-logo.jpg;https://fr.wikipedia.org/wiki/Mus%C3%A9um_national_d%27histoire_naturelle
100; Musée d’Art Contemporain;marseille;museum;Musée d'Art contemporain de Marseille;Le musée d'art contemporain de Marseille, également appelé « MAC », est le musée de la ville consacré à l'art contemporain avec des collections d'œuvres des années 1960 à nos jours.;http://upload.wikimedia.org/wikipedia/commons/thumb/8/8a/Theo_van_Doesburg_010_%28detail%29.jpg/26px-Theo_van_Doesburg_010_%28detail%29.jpg;https://fr.wikipedia.org/wiki/Mus%C3%A9e_d%27Art_contemporain_de_Marseille
101; Le centre de la Vieille Charité;marseille;museum;Vieille Charité;La Vieille charité, située 2, rue de la Charité, au cœur du quartier du Panier dans le 2e arrondissement de Marseille, dans le quartier officiel des Grands-Carmes, est un bâtiment édifié au XVIIe siècle, sur les plans de Pierre Puget pour abriter les indigents et les pauvres de la ville. Il correspond à la mise en œuvre marseillaise du « grand enfermement » que Michel Foucault a mis en évidence dans sa fameuse Histoire de la folie à l'âge classique (1962).;http://upload.wikimedia.org/wikipedia/commons/thumb/b/bb/L%27hospice_de_La_Vieille_Charit%C3%A9_qui_abrite_le_Mus%C3%A9e_de_la_Vieille_Charit%C3%A9.jpg/260px-L%27hospice_de_La_Vieille_Charit%C3%A9_qui_abrite_le_Mus%C3%A9e_de_la_Vieille_Charit%C3%A9.jpg;https://fr.wikipedia.org/wiki/Vieille_Charit%C3%A9
102; Musée Regards de Provence;marseille;museum;Musée Regards de Provence;Le musée Regards de Provence est un musée créé à Marseille en 2013 par la Fondation Regards de Provence dans l'ancienne station sanitaire du port de Marseille. Sa collection, constituée par des mécènes privés, se compose de 850 œuvres d'art de l'Époque moderne à aujourd'hui, réunies pour valoriser le patrimoine artistique et culturel marseillais, provençal et méditerranéen.;http://upload.wikimedia.org/wikipedia/commons/thumb/1/10/Mus%C3%A9e_Regards_de_Provence.JPG/260px-Mus%C3%A9e_Regards_de_Provence.JPG;https://fr.wikipedia.org/wiki/Mus%C3%A9e_Regards_de_Provence
103; Musée des Docks Romains;marseille;museum;Musée des docks romains;Le musée des docks romains, situé 28 place Vivaux dans le 2e arrondissement de Marseille, présente in situ les vestiges d’un des rares entrepôts commerciaux romains connus dans le monde. Ces vestiges sont classés au titre des monuments historiques par arrêté du 22 octobre 1959.;http://upload.wikimedia.org/wikipedia/commons/thumb/5/55/Mus%C3%A9e_des_docks_romains_vue_g%C3%A9n%C3%A9rale.jpg/260px-Mus%C3%A9e_des_docks_romains_vue_g%C3%A9n%C3%A9rale.jpg;https://fr.wikipedia.org/wiki/Mus%C3%A9e_des_docks_romains
104; Bouillabaisse;marseille;food;Bouillabaisse;La bouillabaisse est une spécialité culinaire traditionnelle et institutionnelle de la cuisine de la Provence méditerranéenne. Originaire de Marseille, dont elle est un emblème, elle se compose d'une soupe de poissons accompagnée de croûtons de pain frottés à l’ail et tartinés de rouille, de morceaux de poissons, et de pommes de terre.;http://upload.wikimedia.org/wikipedia/commons/thumb/6/65/Bouillabaisse_01.jpg/280px-Bouillabaisse_01.jpg;https://fr.wikipedia.org/wiki/Bouillabaisse
105; La soupe au Pistou;marseille;food;Cuisine de la Provence méditerranéenne;La cuisine de la Provence méditerranéenne est avant tout une cuisine liée aux produit de la pêche, de l'élevage et du terroir. Pêche maritime ou fluviale, viande des troupeaux ovin ou bovin, produits des plaines céréalières (blé et riz) ou des garrigues (huile et vin).;http://upload.wikimedia.org/wikipedia/commons/thumb/d/d0/Ail_en_Tresse.JPG/220px-Ail_en_Tresse.JPG;https://fr.wikipedia.org/wiki/Cuisine_de_la_Provence_m%C3%A9diterran%C3%A9enne
106; La daube provençale;marseille;food;Cuisine de la Provence méditerranéenne;La cuisine de la Provence méditerranéenne est avant tout une cuisine liée aux produit de la pêche, de l'élevage et du terroir. Pêche maritime ou fluviale, viande des troupeaux ovin ou bovin, produits des plaines céréalières (blé et riz) ou des garrigues (huile et vin).;http://upload.wikimedia.org/wikipedia/commons/thumb/d/d0/Ail_en_Tresse.JPG/220px-Ail_en_Tresse.JPG;https://fr.wikipedia.org/wiki/Cuisine_de_la_Provence_m%C3%A9diterran%C3%A9enne
107; Les pieds et paquets;marseille;food;Pieds paquets;Les pieds paquets ou pieds et paquets sont une spécialité marseillaise. L'invention de la recette est attribuée à Louis Ginouvès, un cuisinier du quartier de la Pomme à Marseille, en 1880.;http://upload.wikimedia.org/wikipedia/commons/thumb/5/50/Pieds_%26_Paquets.JPG/280px-Pieds_%26_Paquets.JPG;https://fr.wikipedia.org/wiki/Pieds_paquets
108; L’anchoïade;marseille;food;Marseille;Marseille (localement en occitan provençal : Marselha) est une commune du Sud-Est de la France, chef-lieu du département des Bouches-du-Rhône et de la région Provence-Alpes-Côte d'Azur.;http://upload.wikimedia.org/wikipedia/commons/thumb/0/09/MarseillePaysage.jpg/280px-MarseillePaysage.jpg;https://fr.wikipedia.org/wiki/Marseille
109; Les encornets farcis;marseille;food;Sète;Sète  (prononcé localement :  /ˈsɛ.tə/) — écrit Cette jusqu'en 1927 — est une commune française située dans le département de l'Hérault en région Occitanie. Elle appartient à la communauté d'agglomération Sète Agglopôle Méditerranée.;http://upload.wikimedia.org/wikipedia/commons/thumb/f/f6/Western_S%C3%A8te_and_the_Sandsplit.jpg/280px-Western_S%C3%A8te_and_the_Sandsplit.jpg;https://fr.wikipedia.org/wiki/S%C3%A8te
110; Les panisses;marseille;food;Panisse;La  panisse est une spécialité culinaire d'origine ligure. Ce mets a passé la frontière et il est connu et apprécié dans le sud-est de la France de Nice jusqu'à Marseille.;http://upload.wikimedia.org/wikipedia/commons/thumb/1/11/Panisses_frits_%C3%A0_l%27huile_d%27olive.jpg/220px-Panisses_frits_%C3%A0_l%27huile_d%27olive.jpg;https://fr.wikipedia.org/wiki/Panisse
