departure_code;arrival_code;price;category;flexibility;travel_time;departure_date;arrival_date;type;train_number
FRPST;FRAEG;58.0;SECOND;CONDITIONAL_FLEXIBILITY;6420000;2020-05-06T13:54:00.000+02:00;2020-05-06T15:41:00.000+02:00;OTHER;9575
FRPST;FRAEG;62.0;FIRST;CONDITIONAL_FLEXIBILITY;6420000;2020-05-06T13:54:00.000+02:00;2020-05-06T15:41:00.000+02:00;OTHER;9575
FRPST;FRAEG;152.0;FIRST;FULL_FLEXIBILITY;6420000;2020-05-06T13:54:00.000+02:00;2020-05-06T15:41:00.000+02:00;OTHER;9575
FRPST;FRADE;44.0;SECOND;CONDITIONAL_FLEXIBILITY;5040000;2020-05-06T15:40:00.000+02:00;2020-05-06T17:04:00.000+02:00;TGV_INOUI;2613
FRPST;FRADE;48.0;FIRST;CONDITIONAL_FLEXIBILITY;5040000;2020-05-06T15:40:00.000+02:00;2020-05-06T17:04:00.000+02:00;TGV_INOUI;2613
FRPST;FRADE;114.0;FIRST;FULL_FLEXIBILITY;5040000;2020-05-06T15:40:00.000+02:00;2020-05-06T17:04:00.000+02:00;TGV_INOUI;2613
FRPST;FRENC;44.0;SECOND;CONDITIONAL_FLEXIBILITY;5880000;2020-05-06T14:09:00.000+02:00;2020-05-06T15:47:00.000+02:00;TGV_INOUI;2509
FRPST;FRENC;48.0;FIRST;CONDITIONAL_FLEXIBILITY;5880000;2020-05-06T14:09:00.000+02:00;2020-05-06T15:47:00.000+02:00;TGV_INOUI;2509
FRPST;FRENC;114.0;FIRST;FULL_FLEXIBILITY;5880000;2020-05-06T14:09:00.000+02:00;2020-05-06T15:47:00.000+02:00;TGV_INOUI;2509
FRPST;FREAJ;29.0;SECOND;CONDITIONAL_FLEXIBILITY;3600000;2020-05-06T14:09:00.000+02:00;2020-05-06T15:09:00.000+02:00;TGV_INOUI;2509
FRPST;FREAJ;31.0;FIRST;CONDITIONAL_FLEXIBILITY;3600000;2020-05-06T14:09:00.000+02:00;2020-05-06T15:09:00.000+02:00;TGV_INOUI;2509
FRPST;FREAJ;73.0;FIRST;FULL_FLEXIBILITY;3600000;2020-05-06T14:09:00.000+02:00;2020-05-06T15:09:00.000+02:00;TGV_INOUI;2509
FRPST;FRRHE;29.0;SECOND;CONDITIONAL_FLEXIBILITY;2760000;2020-05-06T10:58:00.000+02:00;2020-05-06T11:44:00.000+02:00;TGV_INOUI;2719
FRPST;FRRHE;31.0;FIRST;CONDITIONAL_FLEXIBILITY;2760000;2020-05-06T10:58:00.000+02:00;2020-05-06T11:44:00.000+02:00;TGV_INOUI;2719
FRPST;FRRHE;65.0;FIRST;FULL_FLEXIBILITY;2760000;2020-05-06T10:58:00.000+02:00;2020-05-06T11:44:00.000+02:00;TGV_INOUI;2719
FRPST;FRRHE;29.0;SECOND;CONDITIONAL_FLEXIBILITY;2760000;2020-05-06T17:28:00.000+02:00;2020-05-06T18:14:00.000+02:00;TGV_INOUI;2747
FRPST;FRRHE;31.0;FIRST;CONDITIONAL_FLEXIBILITY;2760000;2020-05-06T17:28:00.000+02:00;2020-05-06T18:14:00.000+02:00;TGV_INOUI;2747
FRPST;FRRHE;65.0;FIRST;FULL_FLEXIBILITY;2760000;2020-05-06T17:28:00.000+02:00;2020-05-06T18:14:00.000+02:00;TGV_INOUI;2747
FRAEG;FRPST;58.0;SECOND;CONDITIONAL_FLEXIBILITY;6480000;2020-05-06T07:47:00.000+02:00;2020-05-06T09:35:00.000+02:00;TGV_INOUI;9590
FRAEG;FRPST;62.0;FIRST;CONDITIONAL_FLEXIBILITY;6480000;2020-05-06T07:47:00.000+02:00;2020-05-06T09:35:00.000+02:00;TGV_INOUI;9590
FRAEG;FRPST;152.0;FIRST;FULL_FLEXIBILITY;6480000;2020-05-06T07:47:00.000+02:00;2020-05-06T09:35:00.000+02:00;TGV_INOUI;9590
FREAJ;FRENC;16.5;SECOND;CONDITIONAL_FLEXIBILITY;2100000;2020-05-06T15:12:00.000+02:00;2020-05-06T15:47:00.000+02:00;TGV_INOUI;2509
FREAJ;FRENC;18.5;FIRST;CONDITIONAL_FLEXIBILITY;2100000;2020-05-06T15:12:00.000+02:00;2020-05-06T15:47:00.000+02:00;TGV_INOUI;2509
FREAJ;FRENC;38.0;FIRST;FULL_FLEXIBILITY;2100000;2020-05-06T15:12:00.000+02:00;2020-05-06T15:47:00.000+02:00;TGV_INOUI;2509
FREAJ;FRPST;29.0;SECOND;CONDITIONAL_FLEXIBILITY;3600000;2020-05-06T09:20:00.000+02:00;2020-05-06T10:20:00.000+02:00;TGV_INOUI;2656
FREAJ;FRPST;31.0;FIRST;CONDITIONAL_FLEXIBILITY;3600000;2020-05-06T09:20:00.000+02:00;2020-05-06T10:20:00.000+02:00;TGV_INOUI;2656
FREAJ;FRPST;73.0;FIRST;FULL_FLEXIBILITY;3600000;2020-05-06T09:20:00.000+02:00;2020-05-06T10:20:00.000+02:00;TGV_INOUI;2656
FRADE;FRPST;44.0;SECOND;CONDITIONAL_FLEXIBILITY;5400000;2020-05-06T08:50:00.000+02:00;2020-05-06T10:20:00.000+02:00;TGV_INOUI;2656
FRADE;FRPST;48.0;FIRST;CONDITIONAL_FLEXIBILITY;5400000;2020-05-06T08:50:00.000+02:00;2020-05-06T10:20:00.000+02:00;TGV_INOUI;2656
FRADE;FRPST;114.0;FIRST;FULL_FLEXIBILITY;5400000;2020-05-06T08:50:00.000+02:00;2020-05-06T10:20:00.000+02:00;TGV_INOUI;2656
FRADE;FREAJ;22.0;SECOND;CONDITIONAL_FLEXIBILITY;1620000;2020-05-06T08:50:00.000+02:00;2020-05-06T09:17:00.000+02:00;TGV_INOUI;2656
FRADE;FREAJ;24.0;FIRST;CONDITIONAL_FLEXIBILITY;1620000;2020-05-06T08:50:00.000+02:00;2020-05-06T09:17:00.000+02:00;TGV_INOUI;2656
FRADE;FREAJ;52.0;FIRST;FULL_FLEXIBILITY;1620000;2020-05-06T08:50:00.000+02:00;2020-05-06T09:17:00.000+02:00;TGV_INOUI;2656
FRLPD;FRMSC;42.0;SECOND;CONDITIONAL_FLEXIBILITY;6660000;2020-05-06T11:36:00.000+02:00;2020-05-06T13:27:00.000+02:00;TGV_INOUI;5332
FRLPD;FRMSC;52.0;FIRST;CONDITIONAL_FLEXIBILITY;6660000;2020-05-06T11:36:00.000+02:00;2020-05-06T13:27:00.000+02:00;TGV_INOUI;5332
FRLPD;FRMSC;96.0;FIRST;FULL_FLEXIBILITY;6660000;2020-05-06T11:36:00.000+02:00;2020-05-06T13:27:00.000+02:00;TGV_INOUI;5332
FRLPD;FRMLT;13.9;SECOND;CONDITIONAL_FLEXIBILITY;1740000;2020-05-06T11:30:00.000+02:00;2020-05-06T11:59:00.000+02:00;TGV_INOUI;6616
FRLPD;FRMLT;16.5;FIRST;CONDITIONAL_FLEXIBILITY;1740000;2020-05-06T11:30:00.000+02:00;2020-05-06T11:59:00.000+02:00;TGV_INOUI;6616
FRLPD;FRMLT;33.0;FIRST;FULL_FLEXIBILITY;1740000;2020-05-06T11:30:00.000+02:00;2020-05-06T11:59:00.000+02:00;TGV_INOUI;6616
FRLPD;FRMLT;13.9;SECOND;CONDITIONAL_FLEXIBILITY;1500000;2020-05-06T17:04:00.000+02:00;2020-05-06T17:29:00.000+02:00;TGV_INOUI;6626
FRLPD;FRMLT;16.5;FIRST;CONDITIONAL_FLEXIBILITY;1500000;2020-05-06T17:04:00.000+02:00;2020-05-06T17:29:00.000+02:00;TGV_INOUI;6626
FRLPD;FRMLT;33.0;FIRST;FULL_FLEXIBILITY;1500000;2020-05-06T17:04:00.000+02:00;2020-05-06T17:29:00.000+02:00;TGV_INOUI;6626
FRLPD;FRFNI;40.0;SECOND;CONDITIONAL_FLEXIBILITY;4740000;2020-05-06T11:06:00.000+02:00;2020-05-06T12:25:00.000+02:00;TGV_INOUI;5521
FRLPD;FRFNI;46.0;FIRST;CONDITIONAL_FLEXIBILITY;4740000;2020-05-06T11:06:00.000+02:00;2020-05-06T12:25:00.000+02:00;TGV_INOUI;5521
FRLPD;FRFNI;84.0;FIRST;FULL_FLEXIBILITY;4740000;2020-05-06T11:06:00.000+02:00;2020-05-06T12:25:00.000+02:00;TGV_INOUI;5521
FRLPD;FRMPL;42.0;SECOND;CONDITIONAL_FLEXIBILITY;6600000;2020-05-06T11:06:00.000+02:00;2020-05-06T12:56:00.000+02:00;TGV_INOUI;5521
FRLPD;FRMPL;51.0;FIRST;CONDITIONAL_FLEXIBILITY;6600000;2020-05-06T11:06:00.000+02:00;2020-05-06T12:56:00.000+02:00;TGV_INOUI;5521
FRLPD;FRMPL;92.0;FIRST;FULL_FLEXIBILITY;6600000;2020-05-06T11:06:00.000+02:00;2020-05-06T12:56:00.000+02:00;TGV_INOUI;5521
FRLPD;FRAVG;37.0;SECOND;CONDITIONAL_FLEXIBILITY;4620000;2020-05-06T11:36:00.000+02:00;2020-05-06T12:53:00.000+02:00;TGV_INOUI;5332
FRLPD;FRAVG;42.0;FIRST;CONDITIONAL_FLEXIBILITY;4620000;2020-05-06T11:36:00.000+02:00;2020-05-06T12:53:00.000+02:00;TGV_INOUI;5332
FRLPD;FRAVG;73.0;FIRST;FULL_FLEXIBILITY;4620000;2020-05-06T11:36:00.000+02:00;2020-05-06T12:53:00.000+02:00;TGV_INOUI;5332
FRXCC;FRLPE;24.0;SECOND;CONDITIONAL_FLEXIBILITY;3420000;2020-05-06T14:22:00.000+02:00;2020-05-06T15:19:00.000+02:00;TGV_INOUI;6615
FRXCC;FRLPE;28.0;FIRST;CONDITIONAL_FLEXIBILITY;3420000;2020-05-06T14:22:00.000+02:00;2020-05-06T15:19:00.000+02:00;TGV_INOUI;6615
FRXCC;FRLPE;53.0;FIRST;FULL_FLEXIBILITY;3420000;2020-05-06T14:22:00.000+02:00;2020-05-06T15:19:00.000+02:00;TGV_INOUI;6615
FRXCC;FRLPE;24.0;SECOND;CONDITIONAL_FLEXIBILITY;3720000;2020-05-06T17:15:00.000+02:00;2020-05-06T18:17:00.000+02:00;TGV_INOUI;6621
FRXCC;FRLPE;28.0;FIRST;CONDITIONAL_FLEXIBILITY;3720000;2020-05-06T17:15:00.000+02:00;2020-05-06T18:17:00.000+02:00;TGV_INOUI;6621
FRXCC;FRLPE;53.0;FIRST;FULL_FLEXIBILITY;3720000;2020-05-06T17:15:00.000+02:00;2020-05-06T18:17:00.000+02:00;TGV_INOUI;6621
FRXCC;FRLPD;24.0;SECOND;CONDITIONAL_FLEXIBILITY;2640000;2020-05-06T14:22:00.000+02:00;2020-05-06T15:06:00.000+02:00;TGV_INOUI;6615
FRXCC;FRLPD;28.0;FIRST;CONDITIONAL_FLEXIBILITY;2640000;2020-05-06T14:22:00.000+02:00;2020-05-06T15:06:00.000+02:00;TGV_INOUI;6615
FRXCC;FRLPD;53.0;FIRST;FULL_FLEXIBILITY;2640000;2020-05-06T14:22:00.000+02:00;2020-05-06T15:06:00.000+02:00;TGV_INOUI;6615
FRXCC;FRLPD;24.0;SECOND;CONDITIONAL_FLEXIBILITY;2760000;2020-05-06T17:15:00.000+02:00;2020-05-06T18:01:00.000+02:00;TGV_INOUI;6621
FRXCC;FRLPD;28.0;FIRST;CONDITIONAL_FLEXIBILITY;2760000;2020-05-06T17:15:00.000+02:00;2020-05-06T18:01:00.000+02:00;TGV_INOUI;6621
FRXCC;FRLPD;53.0;FIRST;FULL_FLEXIBILITY;2760000;2020-05-06T17:15:00.000+02:00;2020-05-06T18:01:00.000+02:00;TGV_INOUI;6621
FRENC;FRPST;44.0;SECOND;CONDITIONAL_FLEXIBILITY;5460000;2020-05-06T08:15:00.000+02:00;2020-05-06T09:46:00.000+02:00;TGV_INOUI;2596
FRENC;FRPST;48.0;FIRST;CONDITIONAL_FLEXIBILITY;5460000;2020-05-06T08:15:00.000+02:00;2020-05-06T09:46:00.000+02:00;TGV_INOUI;2596
FRENC;FRPST;114.0;FIRST;FULL_FLEXIBILITY;5460000;2020-05-06T08:15:00.000+02:00;2020-05-06T09:46:00.000+02:00;TGV_INOUI;2596
FRAEK;FRTJA;11.8;SECOND;CONDITIONAL_FLEXIBILITY;1320000;2020-05-06T15:37:00.000+02:00;2020-05-06T15:59:00.000+02:00;TGV;6706
FRAEK;FRTJA;13.8;FIRST;CONDITIONAL_FLEXIBILITY;1320000;2020-05-06T15:37:00.000+02:00;2020-05-06T15:59:00.000+02:00;TGV;6706
FRAEK;FRTJA;24.0;FIRST;FULL_FLEXIBILITY;1320000;2020-05-06T15:37:00.000+02:00;2020-05-06T15:59:00.000+02:00;TGV;6706
FRAEK;FRTJB;25.5;SECOND;CONDITIONAL_FLEXIBILITY;2760000;2020-05-06T15:37:00.000+02:00;2020-05-06T16:23:00.000+02:00;TGV;6706
FRAEK;FRTJB;27.5;FIRST;CONDITIONAL_FLEXIBILITY;2760000;2020-05-06T15:37:00.000+02:00;2020-05-06T16:23:00.000+02:00;TGV;6706
FRAEK;FRTJB;55.0;FIRST;FULL_FLEXIBILITY;2760000;2020-05-06T15:37:00.000+02:00;2020-05-06T16:23:00.000+02:00;TGV;6706
FRAEK;FRABA;39.0;SECOND;CONDITIONAL_FLEXIBILITY;4680000;2020-05-06T15:37:00.000+02:00;2020-05-06T16:55:00.000+02:00;TGV;6706
FRAEK;FRABA;41.0;FIRST;CONDITIONAL_FLEXIBILITY;4680000;2020-05-06T15:37:00.000+02:00;2020-05-06T16:55:00.000+02:00;TGV;6706
FRAEK;FRABA;78.0;FIRST;FULL_FLEXIBILITY;4680000;2020-05-06T15:37:00.000+02:00;2020-05-06T16:55:00.000+02:00;TGV;6706
FRTJA;FRTJB;18.5;SECOND;CONDITIONAL_FLEXIBILITY;1260000;2020-05-06T16:02:00.000+02:00;2020-05-06T16:23:00.000+02:00;TGV;6706
FRTJA;FRTJB;20.5;FIRST;CONDITIONAL_FLEXIBILITY;1260000;2020-05-06T16:02:00.000+02:00;2020-05-06T16:23:00.000+02:00;TGV;6706
FRTJA;FRTJB;38.0;FIRST;FULL_FLEXIBILITY;1260000;2020-05-06T16:02:00.000+02:00;2020-05-06T16:23:00.000+02:00;TGV;6706
FRTJA;FRABA;33.0;SECOND;CONDITIONAL_FLEXIBILITY;3180000;2020-05-06T16:02:00.000+02:00;2020-05-06T16:55:00.000+02:00;TGV;6706
FRTJA;FRABA;35.0;FIRST;CONDITIONAL_FLEXIBILITY;3180000;2020-05-06T16:02:00.000+02:00;2020-05-06T16:55:00.000+02:00;TGV;6706
FRTJA;FRABA;68.0;FIRST;FULL_FLEXIBILITY;3180000;2020-05-06T16:02:00.000+02:00;2020-05-06T16:55:00.000+02:00;TGV;6706
FRTJB;FRABA;18.0;SECOND;CONDITIONAL_FLEXIBILITY;1740000;2020-05-06T16:26:00.000+02:00;2020-05-06T16:55:00.000+02:00;TGV;6706
FRTJB;FRABA;20.0;FIRST;CONDITIONAL_FLEXIBILITY;1740000;2020-05-06T16:26:00.000+02:00;2020-05-06T16:55:00.000+02:00;TGV;6706
FRTJB;FRABA;39.0;FIRST;FULL_FLEXIBILITY;1740000;2020-05-06T16:26:00.000+02:00;2020-05-06T16:55:00.000+02:00;TGV;6706
FRMLT;FRLPD;13.9;SECOND;CONDITIONAL_FLEXIBILITY;1380000;2020-05-06T14:43:00.000+02:00;2020-05-06T15:06:00.000+02:00;TGV_INOUI;6615
FRMLT;FRLPD;16.5;FIRST;CONDITIONAL_FLEXIBILITY;1380000;2020-05-06T14:43:00.000+02:00;2020-05-06T15:06:00.000+02:00;TGV_INOUI;6615
FRMLT;FRLPD;33.0;FIRST;FULL_FLEXIBILITY;1380000;2020-05-06T14:43:00.000+02:00;2020-05-06T15:06:00.000+02:00;TGV_INOUI;6615
FRMLT;FRLPD;13.9;SECOND;CONDITIONAL_FLEXIBILITY;1560000;2020-05-06T17:35:00.000+02:00;2020-05-06T18:01:00.000+02:00;TGV_INOUI;6621
FRMLT;FRLPD;16.5;FIRST;CONDITIONAL_FLEXIBILITY;1560000;2020-05-06T17:35:00.000+02:00;2020-05-06T18:01:00.000+02:00;TGV_INOUI;6621
FRMLT;FRLPD;33.0;FIRST;FULL_FLEXIBILITY;1560000;2020-05-06T17:35:00.000+02:00;2020-05-06T18:01:00.000+02:00;TGV_INOUI;6621
FRFNI;FRLPD;40.0;SECOND;CONDITIONAL_FLEXIBILITY;5100000;2020-05-06T14:25:00.000+02:00;2020-05-06T15:50:00.000+02:00;TGV_INOUI;5500
FRFNI;FRLPD;46.0;FIRST;CONDITIONAL_FLEXIBILITY;5100000;2020-05-06T14:25:00.000+02:00;2020-05-06T15:50:00.000+02:00;TGV_INOUI;5500
FRFNI;FRLPD;84.0;FIRST;FULL_FLEXIBILITY;5100000;2020-05-06T14:25:00.000+02:00;2020-05-06T15:50:00.000+02:00;TGV_INOUI;5500
FRFNI;FRMPL;10.5;SECOND;CONDITIONAL_FLEXIBILITY;1680000;2020-05-06T12:28:00.000+02:00;2020-05-06T12:56:00.000+02:00;TGV_INOUI;5521
FRFNI;FRMPL;13.1;FIRST;CONDITIONAL_FLEXIBILITY;1680000;2020-05-06T12:28:00.000+02:00;2020-05-06T12:56:00.000+02:00;TGV_INOUI;5521
FRFNI;FRMPL;23.5;FIRST;FULL_FLEXIBILITY;1680000;2020-05-06T12:28:00.000+02:00;2020-05-06T12:56:00.000+02:00;TGV_INOUI;5521
FRMPL;FRLPD;42.0;SECOND;CONDITIONAL_FLEXIBILITY;6780000;2020-05-06T13:57:00.000+02:00;2020-05-06T15:50:00.000+02:00;TGV_INOUI;5500
FRMPL;FRLPD;51.0;FIRST;CONDITIONAL_FLEXIBILITY;6780000;2020-05-06T13:57:00.000+02:00;2020-05-06T15:50:00.000+02:00;TGV_INOUI;5500
FRMPL;FRLPD;92.0;FIRST;FULL_FLEXIBILITY;6780000;2020-05-06T13:57:00.000+02:00;2020-05-06T15:50:00.000+02:00;TGV_INOUI;5500
FRMPL;FRFNI;10.5;SECOND;CONDITIONAL_FLEXIBILITY;1500000;2020-05-06T13:57:00.000+02:00;2020-05-06T14:22:00.000+02:00;TGV_INOUI;5500
FRMPL;FRFNI;13.1;FIRST;CONDITIONAL_FLEXIBILITY;1500000;2020-05-06T13:57:00.000+02:00;2020-05-06T14:22:00.000+02:00;TGV_INOUI;5500
FRMPL;FRFNI;23.5;FIRST;FULL_FLEXIBILITY;1500000;2020-05-06T13:57:00.000+02:00;2020-05-06T14:22:00.000+02:00;TGV_INOUI;5500
FRAVG;FRLPD;37.0;SECOND;CONDITIONAL_FLEXIBILITY;4140000;2020-05-06T15:18:00.000+02:00;2020-05-06T16:27:00.000+02:00;TGV_INOUI;5386
FRAVG;FRLPD;42.0;FIRST;CONDITIONAL_FLEXIBILITY;4140000;2020-05-06T15:18:00.000+02:00;2020-05-06T16:27:00.000+02:00;TGV_INOUI;5386
FRAVG;FRLPD;73.0;FIRST;FULL_FLEXIBILITY;4140000;2020-05-06T15:18:00.000+02:00;2020-05-06T16:27:00.000+02:00;TGV_INOUI;5386
FRAIE;FRAVG;30.0;SECOND;CONDITIONAL_FLEXIBILITY;1140000;2020-05-06T09:15:00.000+02:00;2020-05-06T09:34:00.000+02:00;TGV_INOUI;6112
FRAIE;FRAVG;44.0;FIRST;CONDITIONAL_FLEXIBILITY;1140000;2020-05-06T09:15:00.000+02:00;2020-05-06T09:34:00.000+02:00;TGV_INOUI;6112
FRAIE;FRAVG;49.0;FIRST;FULL_FLEXIBILITY;1140000;2020-05-06T09:15:00.000+02:00;2020-05-06T09:34:00.000+02:00;TGV_INOUI;6112
FRMSC;FRLPD;42.0;SECOND;CONDITIONAL_FLEXIBILITY;6660000;2020-05-06T14:36:00.000+02:00;2020-05-06T16:27:00.000+02:00;TGV_INOUI;5386
FRMSC;FRLPD;52.0;FIRST;CONDITIONAL_FLEXIBILITY;6660000;2020-05-06T14:36:00.000+02:00;2020-05-06T16:27:00.000+02:00;TGV_INOUI;5386
FRMSC;FRLPD;96.0;FIRST;FULL_FLEXIBILITY;6660000;2020-05-06T14:36:00.000+02:00;2020-05-06T16:27:00.000+02:00;TGV_INOUI;5386
FRMSC;FRAVG;30.0;SECOND;CONDITIONAL_FLEXIBILITY;2040000;2020-05-06T09:00:00.000+02:00;2020-05-06T09:34:00.000+02:00;TGV_INOUI;6112
FRMSC;FRAVG;44.0;FIRST;CONDITIONAL_FLEXIBILITY;2040000;2020-05-06T09:00:00.000+02:00;2020-05-06T09:34:00.000+02:00;TGV_INOUI;6112
FRMSC;FRAVG;49.0;FIRST;FULL_FLEXIBILITY;2040000;2020-05-06T09:00:00.000+02:00;2020-05-06T09:34:00.000+02:00;TGV_INOUI;6112
FRMSC;FRAVG;20.5;SECOND;CONDITIONAL_FLEXIBILITY;2160000;2020-05-06T14:36:00.000+02:00;2020-05-06T15:12:00.000+02:00;TGV_INOUI;5386
FRMSC;FRAVG;24.5;FIRST;CONDITIONAL_FLEXIBILITY;2160000;2020-05-06T14:36:00.000+02:00;2020-05-06T15:12:00.000+02:00;TGV_INOUI;5386
FRMSC;FRAVG;49.0;FIRST;FULL_FLEXIBILITY;2160000;2020-05-06T14:36:00.000+02:00;2020-05-06T15:12:00.000+02:00;TGV_INOUI;5386
FRVLA;FRLPD;30.0;SECOND;CONDITIONAL_FLEXIBILITY;2160000;2020-05-06T15:51:00.000+02:00;2020-05-06T16:27:00.000+02:00;TGV_INOUI;5386
FRVLA;FRLPD;38.0;FIRST;CONDITIONAL_FLEXIBILITY;2160000;2020-05-06T15:51:00.000+02:00;2020-05-06T16:27:00.000+02:00;TGV_INOUI;5386
FRVLA;FRLPD;42.0;FIRST;FULL_FLEXIBILITY;2160000;2020-05-06T15:51:00.000+02:00;2020-05-06T16:27:00.000+02:00;TGV_INOUI;5386
FRVLA;FRAVG;24.0;SECOND;CONDITIONAL_FLEXIBILITY;1980000;2020-05-06T12:20:00.000+02:00;2020-05-06T12:53:00.000+02:00;TGV_INOUI;5332
FRVLA;FRAVG;28.0;FIRST;CONDITIONAL_FLEXIBILITY;1980000;2020-05-06T12:20:00.000+02:00;2020-05-06T12:53:00.000+02:00;TGV_INOUI;5332
FRVLA;FRAVG;49.0;FIRST;FULL_FLEXIBILITY;1980000;2020-05-06T12:20:00.000+02:00;2020-05-06T12:53:00.000+02:00;TGV_INOUI;5332
FRVLA;FRMSC;33.0;SECOND;CONDITIONAL_FLEXIBILITY;4020000;2020-05-06T12:20:00.000+02:00;2020-05-06T13:27:00.000+02:00;TGV_INOUI;5332
FRVLA;FRMSC;38.0;FIRST;CONDITIONAL_FLEXIBILITY;4020000;2020-05-06T12:20:00.000+02:00;2020-05-06T13:27:00.000+02:00;TGV_INOUI;5332
FRVLA;FRMSC;74.0;FIRST;FULL_FLEXIBILITY;4020000;2020-05-06T12:20:00.000+02:00;2020-05-06T13:27:00.000+02:00;TGV_INOUI;5332
FRRHE;FRPST;29.0;SECOND;CONDITIONAL_FLEXIBILITY;2760000;2020-05-06T08:15:00.000+02:00;2020-05-06T09:01:00.000+02:00;TGV_INOUI;2714
FRRHE;FRPST;31.0;FIRST;CONDITIONAL_FLEXIBILITY;2760000;2020-05-06T08:15:00.000+02:00;2020-05-06T09:01:00.000+02:00;TGV_INOUI;2714
FRRHE;FRPST;65.0;FIRST;FULL_FLEXIBILITY;2760000;2020-05-06T08:15:00.000+02:00;2020-05-06T09:01:00.000+02:00;TGV_INOUI;2714
FRRHE;FRPST;29.0;SECOND;CONDITIONAL_FLEXIBILITY;2760000;2020-05-06T14:15:00.000+02:00;2020-05-06T15:01:00.000+02:00;TGV_INOUI;2730
FRRHE;FRPST;31.0;FIRST;CONDITIONAL_FLEXIBILITY;2760000;2020-05-06T14:15:00.000+02:00;2020-05-06T15:01:00.000+02:00;TGV_INOUI;2730
FRRHE;FRPST;65.0;FIRST;FULL_FLEXIBILITY;2760000;2020-05-06T14:15:00.000+02:00;2020-05-06T15:01:00.000+02:00;TGV_INOUI;2730
FRADJ;FRMLW;63.0;SECOND;CONDITIONAL_FLEXIBILITY;3480000;2020-05-06T11:05:00.000+02:00;2020-05-06T12:03:00.000+02:00;TGV;9826
FRADJ;FRMLW;82.0;FIRST;CONDITIONAL_FLEXIBILITY;3480000;2020-05-06T11:05:00.000+02:00;2020-05-06T12:03:00.000+02:00;TGV;9826
FRADJ;FRMLW;89.0;FIRST;FULL_FLEXIBILITY;3480000;2020-05-06T11:05:00.000+02:00;2020-05-06T12:03:00.000+02:00;TGV;9826
FRMLW;FRADJ;41.0;SECOND;CONDITIONAL_FLEXIBILITY;3120000;2020-05-06T18:07:00.000+02:00;2020-05-06T18:59:00.000+02:00;TGV_INOUI;5192
FRMLW;FRADJ;43.0;FIRST;CONDITIONAL_FLEXIBILITY;3120000;2020-05-06T18:07:00.000+02:00;2020-05-06T18:59:00.000+02:00;TGV_INOUI;5192
FRMLW;FRADJ;89.0;FIRST;FULL_FLEXIBILITY;3120000;2020-05-06T18:07:00.000+02:00;2020-05-06T18:59:00.000+02:00;TGV_INOUI;5192
FRADJ;FRMLW;63.0;SECOND;CONDITIONAL_FLEXIBILITY;3480000;2020-05-06T11:05:00.000+02:00;2020-05-06T12:03:00.000+02:00;TGV;9826
FRADJ;FRMLW;82.0;FIRST;CONDITIONAL_FLEXIBILITY;3480000;2020-05-06T11:05:00.000+02:00;2020-05-06T12:03:00.000+02:00;TGV;9826
FRADJ;FRMLW;89.0;FIRST;FULL_FLEXIBILITY;3480000;2020-05-06T11:05:00.000+02:00;2020-05-06T12:03:00.000+02:00;TGV;9826
FRADJ;FRLPD;116.0;SECOND;CONDITIONAL_FLEXIBILITY;10500000;2020-05-06T11:05:00.000+02:00;2020-05-06T14:00:00.000+02:00;TGV;9826
FRADJ;FRLPD;154.0;FIRST;CONDITIONAL_FLEXIBILITY;10500000;2020-05-06T11:05:00.000+02:00;2020-05-06T14:00:00.000+02:00;TGV;9826
FRADJ;FRLPD;163.0;FIRST;FULL_FLEXIBILITY;10500000;2020-05-06T11:05:00.000+02:00;2020-05-06T14:00:00.000+02:00;TGV;9826
FRVLA;FRPLY;83.0;FIRST;CONDITIONAL_FLEXIBILITY;7980000;2020-05-06T10:35:00.000+02:00;2020-05-06T12:48:00.000+02:00;TGV_INOUI;6202
FRVLA;FRPLY;156.0;FIRST;FULL_FLEXIBILITY;7980000;2020-05-06T10:35:00.000+02:00;2020-05-06T12:48:00.000+02:00;TGV_INOUI;6202
FRMLT;FRPLY;55.0;SECOND;CONDITIONAL_FLEXIBILITY;6300000;2020-05-06T12:02:00.000+02:00;2020-05-06T13:47:00.000+02:00;TGV_INOUI;6616
FRMLT;FRPLY;65.0;FIRST;CONDITIONAL_FLEXIBILITY;6300000;2020-05-06T12:02:00.000+02:00;2020-05-06T13:47:00.000+02:00;TGV_INOUI;6616
FRMLT;FRPLY;128.0;FIRST;FULL_FLEXIBILITY;6300000;2020-05-06T12:02:00.000+02:00;2020-05-06T13:47:00.000+02:00;TGV_INOUI;6616
FRPNO;FRADJ;27.5;SECOND;CONDITIONAL_FLEXIBILITY;4500000;2020-05-06T10:52:00.000+02:00;2020-05-06T12:07:00.000+02:00;TGV_INOUI;7265
FRPNO;FRADJ;29.5;FIRST;CONDITIONAL_FLEXIBILITY;4500000;2020-05-06T10:52:00.000+02:00;2020-05-06T12:07:00.000+02:00;TGV_INOUI;7265
FRPNO;FRADJ;89.0;FIRST;FULL_FLEXIBILITY;4500000;2020-05-06T10:52:00.000+02:00;2020-05-06T12:07:00.000+02:00;TGV_INOUI;7265
FRPNO;FRADJ;27.5;SECOND;CONDITIONAL_FLEXIBILITY;4560000;2020-05-06T17:52:00.000+02:00;2020-05-06T19:08:00.000+02:00;TGV_INOUI;7581
FRPNO;FRADJ;29.5;FIRST;CONDITIONAL_FLEXIBILITY;4560000;2020-05-06T17:52:00.000+02:00;2020-05-06T19:08:00.000+02:00;TGV_INOUI;7581
FRPNO;FRADJ;89.0;FIRST;FULL_FLEXIBILITY;4560000;2020-05-06T17:52:00.000+02:00;2020-05-06T19:08:00.000+02:00;TGV_INOUI;7581
FRPNO;FRQRV;21.0;SECOND;CONDITIONAL_FLEXIBILITY;2880000;2020-05-06T10:52:00.000+02:00;2020-05-06T11:40:00.000+02:00;TGV_INOUI;7265
FRPNO;FRQRV;23.0;FIRST;CONDITIONAL_FLEXIBILITY;2880000;2020-05-06T10:52:00.000+02:00;2020-05-06T11:40:00.000+02:00;TGV_INOUI;7265
FRPNO;FRQRV;66.0;FIRST;FULL_FLEXIBILITY;2880000;2020-05-06T10:52:00.000+02:00;2020-05-06T11:40:00.000+02:00;TGV_INOUI;7265
FRPNO;FRQRV;21.0;SECOND;CONDITIONAL_FLEXIBILITY;2940000;2020-05-06T17:52:00.000+02:00;2020-05-06T18:41:00.000+02:00;TGV_INOUI;7581
FRPNO;FRQRV;23.0;FIRST;CONDITIONAL_FLEXIBILITY;2940000;2020-05-06T17:52:00.000+02:00;2020-05-06T18:41:00.000+02:00;TGV_INOUI;7581
FRPNO;FRQRV;66.0;FIRST;FULL_FLEXIBILITY;2940000;2020-05-06T17:52:00.000+02:00;2020-05-06T18:41:00.000+02:00;TGV_INOUI;7581
FRPNO;FRADJ;27.5;SECOND;CONDITIONAL_FLEXIBILITY;4500000;2020-05-06T10:52:00.000+02:00;2020-05-06T12:07:00.000+02:00;TGV_INOUI;7265
FRPNO;FRADJ;29.5;FIRST;CONDITIONAL_FLEXIBILITY;4500000;2020-05-06T10:52:00.000+02:00;2020-05-06T12:07:00.000+02:00;TGV_INOUI;7265
FRPNO;FRADJ;89.0;FIRST;FULL_FLEXIBILITY;4500000;2020-05-06T10:52:00.000+02:00;2020-05-06T12:07:00.000+02:00;TGV_INOUI;7265
FRPNO;FRADJ;27.5;SECOND;CONDITIONAL_FLEXIBILITY;4560000;2020-05-06T17:52:00.000+02:00;2020-05-06T19:08:00.000+02:00;TGV_INOUI;7581
FRPNO;FRADJ;29.5;FIRST;CONDITIONAL_FLEXIBILITY;4560000;2020-05-06T17:52:00.000+02:00;2020-05-06T19:08:00.000+02:00;TGV_INOUI;7581
FRPNO;FRADJ;89.0;FIRST;FULL_FLEXIBILITY;4560000;2020-05-06T17:52:00.000+02:00;2020-05-06T19:08:00.000+02:00;TGV_INOUI;7581
FRAEB;FRQRV;22.2;SECOND;CONDITIONAL_FLEXIBILITY;11040000;2020-05-06T05:50:00.000+02:00;2020-05-06T08:54:00.000+02:00;OTHER;56110
FRAEB;FRQRV;22.2;SECOND;CONDITIONAL_FLEXIBILITY;11040000;2020-05-06T10:00:00.000+02:00;2020-05-06T13:04:00.000+02:00;OTHER;56112
FRAEB;FRQRV;22.2;SECOND;CONDITIONAL_FLEXIBILITY;11040000;2020-05-06T13:30:00.000+02:00;2020-05-06T16:34:00.000+02:00;OTHER;56114
FRAEB;FRQRV;22.2;SECOND;CONDITIONAL_FLEXIBILITY;11040000;2020-05-06T16:30:00.000+02:00;2020-05-06T19:34:00.000+02:00;OTHER;56116
FRAEB;FRETA;6.1;SECOND;CONDITIONAL_FLEXIBILITY;2400000;2020-05-06T05:50:00.000+02:00;2020-05-06T06:30:00.000+02:00;OTHER;56110
FRAEB;FRETA;6.1;SECOND;CONDITIONAL_FLEXIBILITY;2400000;2020-05-06T10:00:00.000+02:00;2020-05-06T10:40:00.000+02:00;OTHER;56112
FRAEB;FRETA;6.1;SECOND;CONDITIONAL_FLEXIBILITY;2400000;2020-05-06T13:30:00.000+02:00;2020-05-06T14:10:00.000+02:00;OTHER;56114
FRAEB;FRETA;6.1;SECOND;CONDITIONAL_FLEXIBILITY;2400000;2020-05-06T16:30:00.000+02:00;2020-05-06T17:10:00.000+02:00;OTHER;56116
FRETA;FRAEB;6.1;SECOND;CONDITIONAL_FLEXIBILITY;2400000;2020-05-06T09:09:00.000+02:00;2020-05-06T09:49:00.000+02:00;OTHER;56109
FRETA;FRAEB;6.1;SECOND;CONDITIONAL_FLEXIBILITY;2400000;2020-05-06T12:24:00.000+02:00;2020-05-06T13:04:00.000+02:00;OTHER;56111
FRETA;FRAEB;6.1;SECOND;CONDITIONAL_FLEXIBILITY;2400000;2020-05-06T15:40:00.000+02:00;2020-05-06T16:20:00.000+02:00;OTHER;56113
FRETA;FRAEB;6.1;SECOND;CONDITIONAL_FLEXIBILITY;2400000;2020-05-06T18:54:00.000+02:00;2020-05-06T19:34:00.000+02:00;OTHER;56115
FRETA;FRQRV;17.8;SECOND;CONDITIONAL_FLEXIBILITY;8640000;2020-05-06T06:30:00.000+02:00;2020-05-06T08:54:00.000+02:00;OTHER;56110
FRETA;FRQRV;17.8;SECOND;CONDITIONAL_FLEXIBILITY;8640000;2020-05-06T10:40:00.000+02:00;2020-05-06T13:04:00.000+02:00;OTHER;56112
FRETA;FRQRV;17.8;SECOND;CONDITIONAL_FLEXIBILITY;8640000;2020-05-06T14:10:00.000+02:00;2020-05-06T16:34:00.000+02:00;OTHER;56114
FRETA;FRQRV;17.8;SECOND;CONDITIONAL_FLEXIBILITY;8640000;2020-05-06T17:10:00.000+02:00;2020-05-06T19:34:00.000+02:00;OTHER;56116
FRPMO;FRACR;50.0;SECOND;CONDITIONAL_FLEXIBILITY;4560000;2020-05-06T08:52:00.000+02:00;2020-05-06T10:08:00.000+02:00;TGV_INOUI;8707
FRPMO;FRACR;54.0;FIRST;CONDITIONAL_FLEXIBILITY;4560000;2020-05-06T08:52:00.000+02:00;2020-05-06T10:08:00.000+02:00;TGV_INOUI;8707
FRPMO;FRACR;120.0;FIRST;FULL_FLEXIBILITY;4560000;2020-05-06T08:52:00.000+02:00;2020-05-06T10:08:00.000+02:00;TGV_INOUI;8707
FRPMO;FRRNS;55.0;SECOND;CONDITIONAL_FLEXIBILITY;6300000;2020-05-06T08:52:00.000+02:00;2020-05-06T10:37:00.000+02:00;TGV_INOUI;8707
FRPMO;FRRNS;59.0;FIRST;CONDITIONAL_FLEXIBILITY;6300000;2020-05-06T08:52:00.000+02:00;2020-05-06T10:37:00.000+02:00;TGV_INOUI;8707
FRPMO;FRRNS;134.0;FIRST;FULL_FLEXIBILITY;6300000;2020-05-06T08:52:00.000+02:00;2020-05-06T10:37:00.000+02:00;TGV_INOUI;8707
FRPMO;FRRNS;55.0;SECOND;CONDITIONAL_FLEXIBILITY;5580000;2020-05-06T14:52:00.000+02:00;2020-05-06T16:25:00.000+02:00;TGV_INOUI;8623
FRPMO;FRRNS;59.0;FIRST;CONDITIONAL_FLEXIBILITY;5580000;2020-05-06T14:52:00.000+02:00;2020-05-06T16:25:00.000+02:00;TGV_INOUI;8623
FRPMO;FRRNS;134.0;FIRST;FULL_FLEXIBILITY;5580000;2020-05-06T14:52:00.000+02:00;2020-05-06T16:25:00.000+02:00;TGV_INOUI;8623
FRPMO;FRAET;40.0;SECOND;CONDITIONAL_FLEXIBILITY;3480000;2020-05-06T09:36:00.000+02:00;2020-05-06T10:34:00.000+02:00;TGV_INOUI;8913
FRPMO;FRAET;42.0;FIRST;CONDITIONAL_FLEXIBILITY;3480000;2020-05-06T09:36:00.000+02:00;2020-05-06T10:34:00.000+02:00;TGV_INOUI;8913
FRPMO;FRAET;84.0;FIRST;FULL_FLEXIBILITY;3480000;2020-05-06T09:36:00.000+02:00;2020-05-06T10:34:00.000+02:00;TGV_INOUI;8913
FRPMO;FRAET;40.0;SECOND;CONDITIONAL_FLEXIBILITY;3540000;2020-05-06T15:35:00.000+02:00;2020-05-06T16:34:00.000+02:00;TGV_INOUI;8879
FRPMO;FRAET;42.0;FIRST;CONDITIONAL_FLEXIBILITY;3540000;2020-05-06T15:35:00.000+02:00;2020-05-06T16:34:00.000+02:00;TGV_INOUI;8879
FRPMO;FRAET;84.0;FIRST;FULL_FLEXIBILITY;3540000;2020-05-06T15:35:00.000+02:00;2020-05-06T16:34:00.000+02:00;TGV_INOUI;8879
FRPMO;FRACL;50.0;SECOND;CONDITIONAL_FLEXIBILITY;5880000;2020-05-06T09:36:00.000+02:00;2020-05-06T11:14:00.000+02:00;TGV_INOUI;8913
FRPMO;FRACL;54.0;FIRST;CONDITIONAL_FLEXIBILITY;5880000;2020-05-06T09:36:00.000+02:00;2020-05-06T11:14:00.000+02:00;TGV_INOUI;8913
FRPMO;FRACL;113.0;FIRST;FULL_FLEXIBILITY;5880000;2020-05-06T09:36:00.000+02:00;2020-05-06T11:14:00.000+02:00;TGV_INOUI;8913
FRPMO;FRACL;50.0;SECOND;CONDITIONAL_FLEXIBILITY;5940000;2020-05-06T15:35:00.000+02:00;2020-05-06T17:14:00.000+02:00;TGV_INOUI;8879
FRPMO;FRACL;54.0;FIRST;CONDITIONAL_FLEXIBILITY;5940000;2020-05-06T15:35:00.000+02:00;2020-05-06T17:14:00.000+02:00;TGV_INOUI;8879
FRPMO;FRACL;113.0;FIRST;FULL_FLEXIBILITY;5940000;2020-05-06T15:35:00.000+02:00;2020-05-06T17:14:00.000+02:00;TGV_INOUI;8879
FRPMO;FRNTE;54.0;SECOND;CONDITIONAL_FLEXIBILITY;8280000;2020-05-06T09:36:00.000+02:00;2020-05-06T11:54:00.000+02:00;TGV_INOUI;8913
FRPMO;FRNTE;58.0;FIRST;CONDITIONAL_FLEXIBILITY;8280000;2020-05-06T09:36:00.000+02:00;2020-05-06T11:54:00.000+02:00;TGV_INOUI;8913
FRPMO;FRNTE;133.0;FIRST;FULL_FLEXIBILITY;8280000;2020-05-06T09:36:00.000+02:00;2020-05-06T11:54:00.000+02:00;TGV_INOUI;8913
FRPMO;FRNTE;54.0;SECOND;CONDITIONAL_FLEXIBILITY;8340000;2020-05-06T15:35:00.000+02:00;2020-05-06T17:54:00.000+02:00;TGV_INOUI;8879
FRPMO;FRNTE;58.0;FIRST;CONDITIONAL_FLEXIBILITY;8340000;2020-05-06T15:35:00.000+02:00;2020-05-06T17:54:00.000+02:00;TGV_INOUI;8879
FRPMO;FRNTE;133.0;FIRST;FULL_FLEXIBILITY;8340000;2020-05-06T15:35:00.000+02:00;2020-05-06T17:54:00.000+02:00;TGV_INOUI;8879
FRPMO;FRBOJ;65.0;SECOND;CONDITIONAL_FLEXIBILITY;10800000;2020-05-06T10:07:00.000+02:00;2020-05-06T13:07:00.000+02:00;TGV_INOUI;8433
FRPMO;FRBOJ;71.0;FIRST;CONDITIONAL_FLEXIBILITY;10800000;2020-05-06T10:07:00.000+02:00;2020-05-06T13:07:00.000+02:00;TGV_INOUI;8433
FRPMO;FRBOJ;175.0;FIRST;FULL_FLEXIBILITY;10800000;2020-05-06T10:07:00.000+02:00;2020-05-06T13:07:00.000+02:00;TGV_INOUI;8433
FRPMO;FRBOJ;65.0;SECOND;CONDITIONAL_FLEXIBILITY;7620000;2020-05-06T13:59:00.000+02:00;2020-05-06T16:06:00.000+02:00;TGV_INOUI;8511
FRPMO;FRBOJ;71.0;FIRST;CONDITIONAL_FLEXIBILITY;7620000;2020-05-06T13:59:00.000+02:00;2020-05-06T16:06:00.000+02:00;TGV_INOUI;8511
FRPMO;FRBOJ;175.0;FIRST;FULL_FLEXIBILITY;7620000;2020-05-06T13:59:00.000+02:00;2020-05-06T16:06:00.000+02:00;TGV_INOUI;8511
FRPMO;FRANG;58.0;SECOND;CONDITIONAL_FLEXIBILITY;8520000;2020-05-06T10:07:00.000+02:00;2020-05-06T12:29:00.000+02:00;TGV_INOUI;8433
FRPMO;FRANG;62.0;FIRST;CONDITIONAL_FLEXIBILITY;8520000;2020-05-06T10:07:00.000+02:00;2020-05-06T12:29:00.000+02:00;TGV_INOUI;8433
FRPMO;FRANG;140.0;FIRST;FULL_FLEXIBILITY;8520000;2020-05-06T10:07:00.000+02:00;2020-05-06T12:29:00.000+02:00;TGV_INOUI;8433
FRPMO;FRPIS;51.0;SECOND;CONDITIONAL_FLEXIBILITY;5880000;2020-05-06T10:07:00.000+02:00;2020-05-06T11:45:00.000+02:00;TGV_INOUI;8433
FRPMO;FRPIS;55.0;FIRST;CONDITIONAL_FLEXIBILITY;5880000;2020-05-06T10:07:00.000+02:00;2020-05-06T11:45:00.000+02:00;TGV_INOUI;8433
FRPMO;FRPIS;118.0;FIRST;FULL_FLEXIBILITY;5880000;2020-05-06T10:07:00.000+02:00;2020-05-06T11:45:00.000+02:00;TGV_INOUI;8433
FRPMO;FRXSH;42.0;SECOND;CONDITIONAL_FLEXIBILITY;3840000;2020-05-06T10:07:00.000+02:00;2020-05-06T11:11:00.000+02:00;TGV_INOUI;8433
FRPMO;FRXSH;44.0;FIRST;CONDITIONAL_FLEXIBILITY;3840000;2020-05-06T10:07:00.000+02:00;2020-05-06T11:11:00.000+02:00;TGV_INOUI;8433
FRPMO;FRXSH;95.0;FIRST;FULL_FLEXIBILITY;3840000;2020-05-06T10:07:00.000+02:00;2020-05-06T11:11:00.000+02:00;TGV_INOUI;8433
FRAGF;FRPMO;71.0;SECOND;CONDITIONAL_FLEXIBILITY;11880000;2020-05-06T09:55:00.000+02:00;2020-05-06T13:13:00.000+02:00;TGV_INOUI;8504
FRAGF;FRPMO;77.0;FIRST;CONDITIONAL_FLEXIBILITY;11880000;2020-05-06T09:55:00.000+02:00;2020-05-06T13:13:00.000+02:00;TGV_INOUI;8504
FRAGF;FRPMO;180.0;FIRST;FULL_FLEXIBILITY;11880000;2020-05-06T09:55:00.000+02:00;2020-05-06T13:13:00.000+02:00;TGV_INOUI;8504
FRAGF;FRBOJ;26.0;SECOND;CONDITIONAL_FLEXIBILITY;3780000;2020-05-06T09:55:00.000+02:00;2020-05-06T10:58:00.000+02:00;TGV_INOUI;8504
FRAGF;FRBOJ;40.0;FIRST;CONDITIONAL_FLEXIBILITY;3780000;2020-05-06T09:55:00.000+02:00;2020-05-06T10:58:00.000+02:00;TGV_INOUI;8504
FRAGF;FRBOJ;45.0;FIRST;FULL_FLEXIBILITY;3780000;2020-05-06T09:55:00.000+02:00;2020-05-06T10:58:00.000+02:00;TGV_INOUI;8504
FRXMW;FRPMO;71.0;SECOND;CONDITIONAL_FLEXIBILITY;14340000;2020-05-06T09:14:00.000+02:00;2020-05-06T13:13:00.000+02:00;TGV_INOUI;8504
FRXMW;FRPMO;77.0;FIRST;CONDITIONAL_FLEXIBILITY;14340000;2020-05-06T09:14:00.000+02:00;2020-05-06T13:13:00.000+02:00;TGV_INOUI;8504
FRXMW;FRPMO;180.0;FIRST;FULL_FLEXIBILITY;14340000;2020-05-06T09:14:00.000+02:00;2020-05-06T13:13:00.000+02:00;TGV_INOUI;8504
FRXMW;FRBOJ;28.5;SECOND;CONDITIONAL_FLEXIBILITY;6240000;2020-05-06T09:14:00.000+02:00;2020-05-06T10:58:00.000+02:00;TGV_INOUI;8504
FRXMW;FRBOJ;30.0;FIRST;CONDITIONAL_FLEXIBILITY;6240000;2020-05-06T09:14:00.000+02:00;2020-05-06T10:58:00.000+02:00;TGV_INOUI;8504
FRXMW;FRBOJ;58.0;FIRST;FULL_FLEXIBILITY;6240000;2020-05-06T09:14:00.000+02:00;2020-05-06T10:58:00.000+02:00;TGV_INOUI;8504
FRXMW;FRAGF;12.3;SECOND;CONDITIONAL_FLEXIBILITY;2280000;2020-05-06T09:14:00.000+02:00;2020-05-06T09:52:00.000+02:00;TGV_INOUI;8504
FRXMW;FRAGF;14.3;FIRST;CONDITIONAL_FLEXIBILITY;2280000;2020-05-06T09:14:00.000+02:00;2020-05-06T09:52:00.000+02:00;TGV_INOUI;8504
FRXMW;FRAGF;27.5;FIRST;FULL_FLEXIBILITY;2280000;2020-05-06T09:14:00.000+02:00;2020-05-06T09:52:00.000+02:00;TGV_INOUI;8504
FRXMW;FRXYT;10.5;SECOND;CONDITIONAL_FLEXIBILITY;5400000;2020-05-06T11:40:00.000+02:00;2020-05-06T13:10:00.000+02:00;OTHER;55620
FRXMW;FRXYT;10.5;SECOND;CONDITIONAL_FLEXIBILITY;5400000;2020-05-06T13:10:00.000+02:00;2020-05-06T14:40:00.000+02:00;OTHER;55622
FRSBK;FRPMO;59.0;SECOND;CONDITIONAL_FLEXIBILITY;9360000;2020-05-06T10:33:00.000+02:00;2020-05-06T13:09:00.000+02:00;TGV_INOUI;8610
FRSBK;FRPMO;63.0;FIRST;CONDITIONAL_FLEXIBILITY;9360000;2020-05-06T10:33:00.000+02:00;2020-05-06T13:09:00.000+02:00;TGV_INOUI;8610
FRSBK;FRPMO;143.0;FIRST;FULL_FLEXIBILITY;9360000;2020-05-06T10:33:00.000+02:00;2020-05-06T13:09:00.000+02:00;TGV_INOUI;8610
FRSBK;FRRNS;18.0;SECOND;CONDITIONAL_FLEXIBILITY;3120000;2020-05-06T10:33:00.000+02:00;2020-05-06T11:25:00.000+02:00;TGV_INOUI;8610
FRSBK;FRRNS;20.0;FIRST;CONDITIONAL_FLEXIBILITY;3120000;2020-05-06T10:33:00.000+02:00;2020-05-06T11:25:00.000+02:00;TGV_INOUI;8610
FRSBK;FRRNS;37.0;FIRST;FULL_FLEXIBILITY;3120000;2020-05-06T10:33:00.000+02:00;2020-05-06T11:25:00.000+02:00;TGV_INOUI;8610
FRSBK;FRGGP;9.1;SECOND;CONDITIONAL_FLEXIBILITY;840000;2020-05-06T17:19:00.000+02:00;2020-05-06T17:33:00.000+02:00;TGV_INOUI;8623
FRSBK;FRGGP;13.5;FIRST;CONDITIONAL_FLEXIBILITY;840000;2020-05-06T17:19:00.000+02:00;2020-05-06T17:33:00.000+02:00;TGV_INOUI;8623
FRSBK;FRGGP;18.5;FIRST;FULL_FLEXIBILITY;840000;2020-05-06T17:19:00.000+02:00;2020-05-06T17:33:00.000+02:00;TGV_INOUI;8623
FRSBK;FRMXN;16.0;SECOND;CONDITIONAL_FLEXIBILITY;2580000;2020-05-06T17:19:00.000+02:00;2020-05-06T18:02:00.000+02:00;TGV_INOUI;8623
FRSBK;FRMXN;18.0;FIRST;CONDITIONAL_FLEXIBILITY;2580000;2020-05-06T17:19:00.000+02:00;2020-05-06T18:02:00.000+02:00;TGV_INOUI;8623
FRSBK;FRMXN;33.0;FIRST;FULL_FLEXIBILITY;2580000;2020-05-06T17:19:00.000+02:00;2020-05-06T18:02:00.000+02:00;TGV_INOUI;8623
FRSBK;FRBES;22.0;SECOND;CONDITIONAL_FLEXIBILITY;4740000;2020-05-06T17:19:00.000+02:00;2020-05-06T18:38:00.000+02:00;TGV_INOUI;8623
FRSBK;FRBES;24.0;FIRST;CONDITIONAL_FLEXIBILITY;4740000;2020-05-06T17:19:00.000+02:00;2020-05-06T18:38:00.000+02:00;TGV_INOUI;8623
FRSBK;FRBES;47.0;FIRST;FULL_FLEXIBILITY;4740000;2020-05-06T17:19:00.000+02:00;2020-05-06T18:38:00.000+02:00;TGV_INOUI;8623
FRSBK;FRLAM;6.6;SECOND;CONDITIONAL_FLEXIBILITY;600000;2020-05-06T10:33:00.000+02:00;2020-05-06T10:43:00.000+02:00;TGV_INOUI;8610
FRSBK;FRLAM;10.0;FIRST;CONDITIONAL_FLEXIBILITY;600000;2020-05-06T10:33:00.000+02:00;2020-05-06T10:43:00.000+02:00;TGV_INOUI;8610
FRSBK;FRLAM;13.0;FIRST;FULL_FLEXIBILITY;600000;2020-05-06T10:33:00.000+02:00;2020-05-06T10:43:00.000+02:00;TGV_INOUI;8610
FRGGP;FRPMO;60.0;SECOND;CONDITIONAL_FLEXIBILITY;10380000;2020-05-06T10:16:00.000+02:00;2020-05-06T13:09:00.000+02:00;TGV_INOUI;8610
FRGGP;FRPMO;64.0;FIRST;CONDITIONAL_FLEXIBILITY;10380000;2020-05-06T10:16:00.000+02:00;2020-05-06T13:09:00.000+02:00;TGV_INOUI;8610
FRGGP;FRPMO;146.0;FIRST;FULL_FLEXIBILITY;10380000;2020-05-06T10:16:00.000+02:00;2020-05-06T13:09:00.000+02:00;TGV_INOUI;8610
FRGGP;FRRNS;20.0;SECOND;CONDITIONAL_FLEXIBILITY;4140000;2020-05-06T10:16:00.000+02:00;2020-05-06T11:25:00.000+02:00;TGV_INOUI;8610
FRGGP;FRRNS;22.0;FIRST;CONDITIONAL_FLEXIBILITY;4140000;2020-05-06T10:16:00.000+02:00;2020-05-06T11:25:00.000+02:00;TGV_INOUI;8610
FRGGP;FRRNS;44.0;FIRST;FULL_FLEXIBILITY;4140000;2020-05-06T10:16:00.000+02:00;2020-05-06T11:25:00.000+02:00;TGV_INOUI;8610
FRGGP;FRSBK;9.1;SECOND;CONDITIONAL_FLEXIBILITY;840000;2020-05-06T10:16:00.000+02:00;2020-05-06T10:30:00.000+02:00;TGV_INOUI;8610
FRGGP;FRSBK;13.5;FIRST;CONDITIONAL_FLEXIBILITY;840000;2020-05-06T10:16:00.000+02:00;2020-05-06T10:30:00.000+02:00;TGV_INOUI;8610
FRGGP;FRSBK;18.5;FIRST;FULL_FLEXIBILITY;840000;2020-05-06T10:16:00.000+02:00;2020-05-06T10:30:00.000+02:00;TGV_INOUI;8610
FRGGP;FRMXN;10.8;SECOND;CONDITIONAL_FLEXIBILITY;1560000;2020-05-06T17:36:00.000+02:00;2020-05-06T18:02:00.000+02:00;TGV_INOUI;8623
FRGGP;FRMXN;12.8;FIRST;CONDITIONAL_FLEXIBILITY;1560000;2020-05-06T17:36:00.000+02:00;2020-05-06T18:02:00.000+02:00;TGV_INOUI;8623
FRGGP;FRMXN;23.5;FIRST;FULL_FLEXIBILITY;1560000;2020-05-06T17:36:00.000+02:00;2020-05-06T18:02:00.000+02:00;TGV_INOUI;8623
FRGGP;FRBES;19.0;SECOND;CONDITIONAL_FLEXIBILITY;3720000;2020-05-06T17:36:00.000+02:00;2020-05-06T18:38:00.000+02:00;TGV_INOUI;8623
FRGGP;FRBES;21.0;FIRST;CONDITIONAL_FLEXIBILITY;3720000;2020-05-06T17:36:00.000+02:00;2020-05-06T18:38:00.000+02:00;TGV_INOUI;8623
FRGGP;FRBES;40.0;FIRST;FULL_FLEXIBILITY;3720000;2020-05-06T17:36:00.000+02:00;2020-05-06T18:38:00.000+02:00;TGV_INOUI;8623
FRGGP;FRLAM;10.3;SECOND;CONDITIONAL_FLEXIBILITY;1620000;2020-05-06T10:16:00.000+02:00;2020-05-06T10:43:00.000+02:00;TGV_INOUI;8610
FRGGP;FRLAM;12.3;FIRST;CONDITIONAL_FLEXIBILITY;1620000;2020-05-06T10:16:00.000+02:00;2020-05-06T10:43:00.000+02:00;TGV_INOUI;8610
FRGGP;FRLAM;22.5;FIRST;FULL_FLEXIBILITY;1620000;2020-05-06T10:16:00.000+02:00;2020-05-06T10:43:00.000+02:00;TGV_INOUI;8610
FRMXN;FRPMO;61.0;SECOND;CONDITIONAL_FLEXIBILITY;12420000;2020-05-06T09:42:00.000+02:00;2020-05-06T13:09:00.000+02:00;TGV_INOUI;8610
FRMXN;FRPMO;67.0;FIRST;CONDITIONAL_FLEXIBILITY;12420000;2020-05-06T09:42:00.000+02:00;2020-05-06T13:09:00.000+02:00;TGV_INOUI;8610
FRMXN;FRPMO;146.0;FIRST;FULL_FLEXIBILITY;12420000;2020-05-06T09:42:00.000+02:00;2020-05-06T13:09:00.000+02:00;TGV_INOUI;8610
FRMXN;FRRNS;28.0;SECOND;CONDITIONAL_FLEXIBILITY;6180000;2020-05-06T09:42:00.000+02:00;2020-05-06T11:25:00.000+02:00;TGV_INOUI;8610
FRMXN;FRRNS;30.0;FIRST;CONDITIONAL_FLEXIBILITY;6180000;2020-05-06T09:42:00.000+02:00;2020-05-06T11:25:00.000+02:00;TGV_INOUI;8610
FRMXN;FRRNS;54.0;FIRST;FULL_FLEXIBILITY;6180000;2020-05-06T09:42:00.000+02:00;2020-05-06T11:25:00.000+02:00;TGV_INOUI;8610
FRMXN;FRSBK;16.0;SECOND;CONDITIONAL_FLEXIBILITY;2880000;2020-05-06T09:42:00.000+02:00;2020-05-06T10:30:00.000+02:00;TGV_INOUI;8610
FRMXN;FRSBK;18.0;FIRST;CONDITIONAL_FLEXIBILITY;2880000;2020-05-06T09:42:00.000+02:00;2020-05-06T10:30:00.000+02:00;TGV_INOUI;8610
FRMXN;FRSBK;33.0;FIRST;FULL_FLEXIBILITY;2880000;2020-05-06T09:42:00.000+02:00;2020-05-06T10:30:00.000+02:00;TGV_INOUI;8610
FRMXN;FRGGP;10.8;SECOND;CONDITIONAL_FLEXIBILITY;1860000;2020-05-06T09:42:00.000+02:00;2020-05-06T10:13:00.000+02:00;TGV_INOUI;8610
FRMXN;FRGGP;12.8;FIRST;CONDITIONAL_FLEXIBILITY;1860000;2020-05-06T09:42:00.000+02:00;2020-05-06T10:13:00.000+02:00;TGV_INOUI;8610
FRMXN;FRGGP;23.5;FIRST;FULL_FLEXIBILITY;1860000;2020-05-06T09:42:00.000+02:00;2020-05-06T10:13:00.000+02:00;TGV_INOUI;8610
FRMXN;FRBES;11.1;SECOND;CONDITIONAL_FLEXIBILITY;1980000;2020-05-06T18:05:00.000+02:00;2020-05-06T18:38:00.000+02:00;TGV_INOUI;8623
FRMXN;FRBES;13.1;FIRST;CONDITIONAL_FLEXIBILITY;1980000;2020-05-06T18:05:00.000+02:00;2020-05-06T18:38:00.000+02:00;TGV_INOUI;8623
FRMXN;FRBES;24.5;FIRST;FULL_FLEXIBILITY;1980000;2020-05-06T18:05:00.000+02:00;2020-05-06T18:38:00.000+02:00;TGV_INOUI;8623
FRMXN;FRBES;11.5;SECOND;CONDITIONAL_FLEXIBILITY;4620000;2020-05-06T22:29:00.000+02:00;2020-05-06T23:46:00.000+02:00;OTHER;67865
FRMXN;FRLAM;18.5;SECOND;CONDITIONAL_FLEXIBILITY;3660000;2020-05-06T09:42:00.000+02:00;2020-05-06T10:43:00.000+02:00;TGV_INOUI;8610
FRMXN;FRLAM;20.5;FIRST;CONDITIONAL_FLEXIBILITY;3660000;2020-05-06T09:42:00.000+02:00;2020-05-06T10:43:00.000+02:00;TGV_INOUI;8610
FRMXN;FRLAM;38.0;FIRST;FULL_FLEXIBILITY;3660000;2020-05-06T09:42:00.000+02:00;2020-05-06T10:43:00.000+02:00;TGV_INOUI;8610
FRBES;FRPMO;61.0;SECOND;CONDITIONAL_FLEXIBILITY;14820000;2020-05-06T09:02:00.000+02:00;2020-05-06T13:09:00.000+02:00;TGV_INOUI;8610
FRBES;FRPMO;67.0;FIRST;CONDITIONAL_FLEXIBILITY;14820000;2020-05-06T09:02:00.000+02:00;2020-05-06T13:09:00.000+02:00;TGV_INOUI;8610
FRBES;FRPMO;146.0;FIRST;FULL_FLEXIBILITY;14820000;2020-05-06T09:02:00.000+02:00;2020-05-06T13:09:00.000+02:00;TGV_INOUI;8610
FRBES;FRRNS;32.0;SECOND;CONDITIONAL_FLEXIBILITY;8580000;2020-05-06T09:02:00.000+02:00;2020-05-06T11:25:00.000+02:00;TGV_INOUI;8610
FRBES;FRRNS;34.0;FIRST;CONDITIONAL_FLEXIBILITY;8580000;2020-05-06T09:02:00.000+02:00;2020-05-06T11:25:00.000+02:00;TGV_INOUI;8610
FRBES;FRRNS;65.0;FIRST;FULL_FLEXIBILITY;8580000;2020-05-06T09:02:00.000+02:00;2020-05-06T11:25:00.000+02:00;TGV_INOUI;8610
FRBES;FRSBK;22.0;SECOND;CONDITIONAL_FLEXIBILITY;5280000;2020-05-06T09:02:00.000+02:00;2020-05-06T10:30:00.000+02:00;TGV_INOUI;8610
FRBES;FRSBK;24.0;FIRST;CONDITIONAL_FLEXIBILITY;5280000;2020-05-06T09:02:00.000+02:00;2020-05-06T10:30:00.000+02:00;TGV_INOUI;8610
FRBES;FRSBK;47.0;FIRST;FULL_FLEXIBILITY;5280000;2020-05-06T09:02:00.000+02:00;2020-05-06T10:30:00.000+02:00;TGV_INOUI;8610
FRBES;FRGGP;19.0;SECOND;CONDITIONAL_FLEXIBILITY;4260000;2020-05-06T09:02:00.000+02:00;2020-05-06T10:13:00.000+02:00;TGV_INOUI;8610
FRBES;FRGGP;21.0;FIRST;CONDITIONAL_FLEXIBILITY;4260000;2020-05-06T09:02:00.000+02:00;2020-05-06T10:13:00.000+02:00;TGV_INOUI;8610
FRBES;FRGGP;40.0;FIRST;FULL_FLEXIBILITY;4260000;2020-05-06T09:02:00.000+02:00;2020-05-06T10:13:00.000+02:00;TGV_INOUI;8610
FRBES;FRMXN;11.1;SECOND;CONDITIONAL_FLEXIBILITY;2220000;2020-05-06T09:02:00.000+02:00;2020-05-06T09:39:00.000+02:00;TGV_INOUI;8610
FRBES;FRMXN;13.1;FIRST;CONDITIONAL_FLEXIBILITY;2220000;2020-05-06T09:02:00.000+02:00;2020-05-06T09:39:00.000+02:00;TGV_INOUI;8610
FRBES;FRMXN;24.5;FIRST;FULL_FLEXIBILITY;2220000;2020-05-06T09:02:00.000+02:00;2020-05-06T09:39:00.000+02:00;TGV_INOUI;8610
FRBES;FRLAM;28.0;SECOND;CONDITIONAL_FLEXIBILITY;6060000;2020-05-06T09:02:00.000+02:00;2020-05-06T10:43:00.000+02:00;TGV_INOUI;8610
FRBES;FRLAM;30.0;FIRST;CONDITIONAL_FLEXIBILITY;6060000;2020-05-06T09:02:00.000+02:00;2020-05-06T10:43:00.000+02:00;TGV_INOUI;8610
FRBES;FRLAM;50.0;FIRST;FULL_FLEXIBILITY;6060000;2020-05-06T09:02:00.000+02:00;2020-05-06T10:43:00.000+02:00;TGV_INOUI;8610
FRLAM;FRPMO;59.0;SECOND;CONDITIONAL_FLEXIBILITY;8640000;2020-05-06T10:45:00.000+02:00;2020-05-06T13:09:00.000+02:00;TGV_INOUI;8610
FRLAM;FRPMO;63.0;FIRST;CONDITIONAL_FLEXIBILITY;8640000;2020-05-06T10:45:00.000+02:00;2020-05-06T13:09:00.000+02:00;TGV_INOUI;8610
FRLAM;FRPMO;143.0;FIRST;FULL_FLEXIBILITY;8640000;2020-05-06T10:45:00.000+02:00;2020-05-06T13:09:00.000+02:00;TGV_INOUI;8610
FRLAM;FRRNS;14.8;SECOND;CONDITIONAL_FLEXIBILITY;2400000;2020-05-06T10:45:00.000+02:00;2020-05-06T11:25:00.000+02:00;TGV_INOUI;8610
FRLAM;FRRNS;16.5;FIRST;CONDITIONAL_FLEXIBILITY;2400000;2020-05-06T10:45:00.000+02:00;2020-05-06T11:25:00.000+02:00;TGV_INOUI;8610
FRLAM;FRRNS;27.5;FIRST;FULL_FLEXIBILITY;2400000;2020-05-06T10:45:00.000+02:00;2020-05-06T11:25:00.000+02:00;TGV_INOUI;8610
FRXLD;FRBES;4.2;SECOND;CONDITIONAL_FLEXIBILITY;2100000;2020-05-06T23:11:00.000+02:00;2020-05-06T23:46:00.000+02:00;OTHER;67865
FRXLD;FRMXN;8.8;SECOND;CONDITIONAL_FLEXIBILITY;1380000;2020-05-06T09:16:00.000+02:00;2020-05-06T09:39:00.000+02:00;TGV_INOUI;8610
FRXLD;FRMXN;10.8;FIRST;CONDITIONAL_FLEXIBILITY;1380000;2020-05-06T09:16:00.000+02:00;2020-05-06T09:39:00.000+02:00;TGV_INOUI;8610
FRXLD;FRMXN;20.5;FIRST;FULL_FLEXIBILITY;1380000;2020-05-06T09:16:00.000+02:00;2020-05-06T09:39:00.000+02:00;TGV_INOUI;8610
FRXLD;FRPLT;13.6;SECOND;CONDITIONAL_FLEXIBILITY;2520000;2020-05-06T09:16:00.000+02:00;2020-05-06T09:58:00.000+02:00;TGV_INOUI;8610
FRXLD;FRPLT;15.5;FIRST;CONDITIONAL_FLEXIBILITY;2520000;2020-05-06T09:16:00.000+02:00;2020-05-06T09:58:00.000+02:00;TGV_INOUI;8610
FRXLD;FRPLT;26.5;FIRST;FULL_FLEXIBILITY;2520000;2020-05-06T09:16:00.000+02:00;2020-05-06T09:58:00.000+02:00;TGV_INOUI;8610
FRXLD;FRGGP;18.0;SECOND;CONDITIONAL_FLEXIBILITY;3420000;2020-05-06T09:16:00.000+02:00;2020-05-06T10:13:00.000+02:00;TGV_INOUI;8610
FRXLD;FRGGP;20.0;FIRST;CONDITIONAL_FLEXIBILITY;3420000;2020-05-06T09:16:00.000+02:00;2020-05-06T10:13:00.000+02:00;TGV_INOUI;8610
FRXLD;FRGGP;36.0;FIRST;FULL_FLEXIBILITY;3420000;2020-05-06T09:16:00.000+02:00;2020-05-06T10:13:00.000+02:00;TGV_INOUI;8610
FRXLD;FRSBK;20.0;SECOND;CONDITIONAL_FLEXIBILITY;4440000;2020-05-06T09:16:00.000+02:00;2020-05-06T10:30:00.000+02:00;TGV_INOUI;8610
FRXLD;FRSBK;22.0;FIRST;CONDITIONAL_FLEXIBILITY;4440000;2020-05-06T09:16:00.000+02:00;2020-05-06T10:30:00.000+02:00;TGV_INOUI;8610
FRXLD;FRSBK;44.0;FIRST;FULL_FLEXIBILITY;4440000;2020-05-06T09:16:00.000+02:00;2020-05-06T10:30:00.000+02:00;TGV_INOUI;8610
FRXLD;FRLAM;26.0;SECOND;CONDITIONAL_FLEXIBILITY;5220000;2020-05-06T09:16:00.000+02:00;2020-05-06T10:43:00.000+02:00;TGV_INOUI;8610
FRXLD;FRLAM;28.0;FIRST;CONDITIONAL_FLEXIBILITY;5220000;2020-05-06T09:16:00.000+02:00;2020-05-06T10:43:00.000+02:00;TGV_INOUI;8610
FRXLD;FRLAM;48.0;FIRST;FULL_FLEXIBILITY;5220000;2020-05-06T09:16:00.000+02:00;2020-05-06T10:43:00.000+02:00;TGV_INOUI;8610
FRXLD;FRRNS;31.0;SECOND;CONDITIONAL_FLEXIBILITY;7740000;2020-05-06T09:16:00.000+02:00;2020-05-06T11:25:00.000+02:00;TGV_INOUI;8610
FRXLD;FRRNS;33.0;FIRST;CONDITIONAL_FLEXIBILITY;7740000;2020-05-06T09:16:00.000+02:00;2020-05-06T11:25:00.000+02:00;TGV_INOUI;8610
FRXLD;FRRNS;62.0;FIRST;FULL_FLEXIBILITY;7740000;2020-05-06T09:16:00.000+02:00;2020-05-06T11:25:00.000+02:00;TGV_INOUI;8610
FRXLD;FRPMO;61.0;SECOND;CONDITIONAL_FLEXIBILITY;13980000;2020-05-06T09:16:00.000+02:00;2020-05-06T13:09:00.000+02:00;TGV_INOUI;8610
FRXLD;FRPMO;67.0;FIRST;CONDITIONAL_FLEXIBILITY;13980000;2020-05-06T09:16:00.000+02:00;2020-05-06T13:09:00.000+02:00;TGV_INOUI;8610
FRXLD;FRPMO;146.0;FIRST;FULL_FLEXIBILITY;13980000;2020-05-06T09:16:00.000+02:00;2020-05-06T13:09:00.000+02:00;TGV_INOUI;8610
FRXRN;FRPMO;63.0;SECOND;CONDITIONAL_FLEXIBILITY;8640000;2020-05-06T14:53:00.000+02:00;2020-05-06T17:17:00.000+02:00;TGV_INOUI;8722
FRXRN;FRPMO;67.0;FIRST;CONDITIONAL_FLEXIBILITY;8640000;2020-05-06T14:53:00.000+02:00;2020-05-06T17:17:00.000+02:00;TGV_INOUI;8722
FRXRN;FRPMO;143.0;FIRST;FULL_FLEXIBILITY;8640000;2020-05-06T14:53:00.000+02:00;2020-05-06T17:17:00.000+02:00;TGV_INOUI;8722
FRXRN;FRVNE;10.9;SECOND;CONDITIONAL_FLEXIBILITY;1440000;2020-05-06T11:18:00.000+02:00;2020-05-06T11:42:00.000+02:00;TGV_INOUI;8707
FRXRN;FRVNE;12.9;FIRST;CONDITIONAL_FLEXIBILITY;1440000;2020-05-06T11:18:00.000+02:00;2020-05-06T11:42:00.000+02:00;TGV_INOUI;8707
FRXRN;FRVNE;23.5;FIRST;FULL_FLEXIBILITY;1440000;2020-05-06T11:18:00.000+02:00;2020-05-06T11:42:00.000+02:00;TGV_INOUI;8707
FRXRN;FRXUY;13.4;SECOND;CONDITIONAL_FLEXIBILITY;2340000;2020-05-06T11:18:00.000+02:00;2020-05-06T11:57:00.000+02:00;TGV_INOUI;8707
FRXRN;FRXUY;15.0;FIRST;CONDITIONAL_FLEXIBILITY;2340000;2020-05-06T11:18:00.000+02:00;2020-05-06T11:57:00.000+02:00;TGV_INOUI;8707
FRXRN;FRXUY;27.5;FIRST;FULL_FLEXIBILITY;2340000;2020-05-06T11:18:00.000+02:00;2020-05-06T11:57:00.000+02:00;TGV_INOUI;8707
FRXRN;FRLRT;18.5;SECOND;CONDITIONAL_FLEXIBILITY;4020000;2020-05-06T11:18:00.000+02:00;2020-05-06T12:25:00.000+02:00;TGV_INOUI;8707
FRXRN;FRLRT;20.5;FIRST;CONDITIONAL_FLEXIBILITY;4020000;2020-05-06T11:18:00.000+02:00;2020-05-06T12:25:00.000+02:00;TGV_INOUI;8707
FRXRN;FRLRT;38.0;FIRST;FULL_FLEXIBILITY;4020000;2020-05-06T11:18:00.000+02:00;2020-05-06T12:25:00.000+02:00;TGV_INOUI;8707
FRXRN;FRUIP;25.0;SECOND;CONDITIONAL_FLEXIBILITY;6540000;2020-05-06T11:18:00.000+02:00;2020-05-06T13:07:00.000+02:00;TGV_INOUI;8707
FRXRN;FRUIP;27.0;FIRST;CONDITIONAL_FLEXIBILITY;6540000;2020-05-06T11:18:00.000+02:00;2020-05-06T13:07:00.000+02:00;TGV_INOUI;8707
FRXRN;FRUIP;52.0;FIRST;FULL_FLEXIBILITY;6540000;2020-05-06T11:18:00.000+02:00;2020-05-06T13:07:00.000+02:00;TGV_INOUI;8707
FRXRN;FRRNS;13.1;SECOND;CONDITIONAL_FLEXIBILITY;2160000;2020-05-06T14:53:00.000+02:00;2020-05-06T15:29:00.000+02:00;TGV_INOUI;8722
FRXRN;FRRNS;15.0;FIRST;CONDITIONAL_FLEXIBILITY;2160000;2020-05-06T14:53:00.000+02:00;2020-05-06T15:29:00.000+02:00;TGV_INOUI;8722
FRXRN;FRRNS;26.5;FIRST;FULL_FLEXIBILITY;2160000;2020-05-06T14:53:00.000+02:00;2020-05-06T15:29:00.000+02:00;TGV_INOUI;8722
FRXRN;FRRSP;24.0;SECOND;CONDITIONAL_FLEXIBILITY;5700000;2020-05-06T11:18:00.000+02:00;2020-05-06T12:53:00.000+02:00;TGV_INOUI;8707
FRXRN;FRRSP;26.0;FIRST;CONDITIONAL_FLEXIBILITY;5700000;2020-05-06T11:18:00.000+02:00;2020-05-06T12:53:00.000+02:00;TGV_INOUI;8707
FRXRN;FRRSP;48.0;FIRST;FULL_FLEXIBILITY;5700000;2020-05-06T11:18:00.000+02:00;2020-05-06T12:53:00.000+02:00;TGV_INOUI;8707
FRVNE;FRRNS;19.5;SECOND;CONDITIONAL_FLEXIBILITY;3720000;2020-05-06T14:27:00.000+02:00;2020-05-06T15:29:00.000+02:00;TGV_INOUI;8722
FRVNE;FRRNS;21.5;FIRST;CONDITIONAL_FLEXIBILITY;3720000;2020-05-06T14:27:00.000+02:00;2020-05-06T15:29:00.000+02:00;TGV_INOUI;8722
FRVNE;FRRNS;43.0;FIRST;FULL_FLEXIBILITY;3720000;2020-05-06T14:27:00.000+02:00;2020-05-06T15:29:00.000+02:00;TGV_INOUI;8722
FRVNE;FRPMO;64.0;SECOND;CONDITIONAL_FLEXIBILITY;10200000;2020-05-06T14:27:00.000+02:00;2020-05-06T17:17:00.000+02:00;TGV_INOUI;8722
FRVNE;FRPMO;68.0;FIRST;CONDITIONAL_FLEXIBILITY;10200000;2020-05-06T14:27:00.000+02:00;2020-05-06T17:17:00.000+02:00;TGV_INOUI;8722
FRVNE;FRPMO;145.0;FIRST;FULL_FLEXIBILITY;10200000;2020-05-06T14:27:00.000+02:00;2020-05-06T17:17:00.000+02:00;TGV_INOUI;8722
FRVNE;FRXRN;10.9;SECOND;CONDITIONAL_FLEXIBILITY;1440000;2020-05-06T14:27:00.000+02:00;2020-05-06T14:51:00.000+02:00;TGV_INOUI;8722
FRVNE;FRXRN;12.9;FIRST;CONDITIONAL_FLEXIBILITY;1440000;2020-05-06T14:27:00.000+02:00;2020-05-06T14:51:00.000+02:00;TGV_INOUI;8722
FRVNE;FRXRN;23.5;FIRST;FULL_FLEXIBILITY;1440000;2020-05-06T14:27:00.000+02:00;2020-05-06T14:51:00.000+02:00;TGV_INOUI;8722
FRVNE;FRXUY;5.8;SECOND;CONDITIONAL_FLEXIBILITY;720000;2020-05-06T11:45:00.000+02:00;2020-05-06T11:57:00.000+02:00;TGV_INOUI;8707
FRVNE;FRXUY;9.2;FIRST;CONDITIONAL_FLEXIBILITY;720000;2020-05-06T11:45:00.000+02:00;2020-05-06T11:57:00.000+02:00;TGV_INOUI;8707
FRVNE;FRXUY;12.5;FIRST;FULL_FLEXIBILITY;720000;2020-05-06T11:45:00.000+02:00;2020-05-06T11:57:00.000+02:00;TGV_INOUI;8707
FRVNE;FRLRT;10.3;SECOND;CONDITIONAL_FLEXIBILITY;2400000;2020-05-06T11:45:00.000+02:00;2020-05-06T12:25:00.000+02:00;TGV_INOUI;8707
FRVNE;FRLRT;12.3;FIRST;CONDITIONAL_FLEXIBILITY;2400000;2020-05-06T11:45:00.000+02:00;2020-05-06T12:25:00.000+02:00;TGV_INOUI;8707
FRVNE;FRLRT;22.5;FIRST;FULL_FLEXIBILITY;2400000;2020-05-06T11:45:00.000+02:00;2020-05-06T12:25:00.000+02:00;TGV_INOUI;8707
FRVNE;FRUIP;19.5;SECOND;CONDITIONAL_FLEXIBILITY;4920000;2020-05-06T11:45:00.000+02:00;2020-05-06T13:07:00.000+02:00;TGV_INOUI;8707
FRVNE;FRUIP;21.5;FIRST;CONDITIONAL_FLEXIBILITY;4920000;2020-05-06T11:45:00.000+02:00;2020-05-06T13:07:00.000+02:00;TGV_INOUI;8707
FRVNE;FRUIP;41.0;FIRST;FULL_FLEXIBILITY;4920000;2020-05-06T11:45:00.000+02:00;2020-05-06T13:07:00.000+02:00;TGV_INOUI;8707
FRVNE;FRRSP;18.0;SECOND;CONDITIONAL_FLEXIBILITY;4080000;2020-05-06T11:45:00.000+02:00;2020-05-06T12:53:00.000+02:00;TGV_INOUI;8707
FRVNE;FRRSP;20.0;FIRST;CONDITIONAL_FLEXIBILITY;4080000;2020-05-06T11:45:00.000+02:00;2020-05-06T12:53:00.000+02:00;TGV_INOUI;8707
FRVNE;FRRSP;36.0;FIRST;FULL_FLEXIBILITY;4080000;2020-05-06T11:45:00.000+02:00;2020-05-06T12:53:00.000+02:00;TGV_INOUI;8707
FRXUY;FRPMO;65.0;SECOND;CONDITIONAL_FLEXIBILITY;10980000;2020-05-06T14:14:00.000+02:00;2020-05-06T17:17:00.000+02:00;TGV_INOUI;8722
FRXUY;FRPMO;69.0;FIRST;CONDITIONAL_FLEXIBILITY;10980000;2020-05-06T14:14:00.000+02:00;2020-05-06T17:17:00.000+02:00;TGV_INOUI;8722
FRXUY;FRPMO;148.0;FIRST;FULL_FLEXIBILITY;10980000;2020-05-06T14:14:00.000+02:00;2020-05-06T17:17:00.000+02:00;TGV_INOUI;8722
FRXUY;FRXRN;13.4;SECOND;CONDITIONAL_FLEXIBILITY;2220000;2020-05-06T14:14:00.000+02:00;2020-05-06T14:51:00.000+02:00;TGV_INOUI;8722
FRXUY;FRXRN;15.0;FIRST;CONDITIONAL_FLEXIBILITY;2220000;2020-05-06T14:14:00.000+02:00;2020-05-06T14:51:00.000+02:00;TGV_INOUI;8722
FRXUY;FRXRN;27.5;FIRST;FULL_FLEXIBILITY;2220000;2020-05-06T14:14:00.000+02:00;2020-05-06T14:51:00.000+02:00;TGV_INOUI;8722
FRXUY;FRVNE;5.8;SECOND;CONDITIONAL_FLEXIBILITY;600000;2020-05-06T14:14:00.000+02:00;2020-05-06T14:24:00.000+02:00;TGV_INOUI;8722
FRXUY;FRVNE;9.2;FIRST;CONDITIONAL_FLEXIBILITY;600000;2020-05-06T14:14:00.000+02:00;2020-05-06T14:24:00.000+02:00;TGV_INOUI;8722
FRXUY;FRVNE;12.5;FIRST;FULL_FLEXIBILITY;600000;2020-05-06T14:14:00.000+02:00;2020-05-06T14:24:00.000+02:00;TGV_INOUI;8722
FRXUY;FRLRT;9.6;SECOND;CONDITIONAL_FLEXIBILITY;1500000;2020-05-06T12:00:00.000+02:00;2020-05-06T12:25:00.000+02:00;TGV_INOUI;8707
FRXUY;FRLRT;14.3;FIRST;CONDITIONAL_FLEXIBILITY;1500000;2020-05-06T12:00:00.000+02:00;2020-05-06T12:25:00.000+02:00;TGV_INOUI;8707
FRXUY;FRLRT;18.5;FIRST;FULL_FLEXIBILITY;1500000;2020-05-06T12:00:00.000+02:00;2020-05-06T12:25:00.000+02:00;TGV_INOUI;8707
FRXUY;FRUIP;18.0;SECOND;CONDITIONAL_FLEXIBILITY;4020000;2020-05-06T12:00:00.000+02:00;2020-05-06T13:07:00.000+02:00;TGV_INOUI;8707
FRXUY;FRUIP;20.0;FIRST;CONDITIONAL_FLEXIBILITY;4020000;2020-05-06T12:00:00.000+02:00;2020-05-06T13:07:00.000+02:00;TGV_INOUI;8707
FRXUY;FRUIP;37.0;FIRST;FULL_FLEXIBILITY;4020000;2020-05-06T12:00:00.000+02:00;2020-05-06T13:07:00.000+02:00;TGV_INOUI;8707
FRXUY;FRRNS;22.0;SECOND;CONDITIONAL_FLEXIBILITY;4500000;2020-05-06T14:14:00.000+02:00;2020-05-06T15:29:00.000+02:00;TGV_INOUI;8722
FRXUY;FRRNS;24.0;FIRST;CONDITIONAL_FLEXIBILITY;4500000;2020-05-06T14:14:00.000+02:00;2020-05-06T15:29:00.000+02:00;TGV_INOUI;8722
FRXUY;FRRNS;47.0;FIRST;FULL_FLEXIBILITY;4500000;2020-05-06T14:14:00.000+02:00;2020-05-06T15:29:00.000+02:00;TGV_INOUI;8722
FRXUY;FRRSP;14.2;SECOND;CONDITIONAL_FLEXIBILITY;3180000;2020-05-06T12:00:00.000+02:00;2020-05-06T12:53:00.000+02:00;TGV_INOUI;8707
FRXUY;FRRSP;16.0;FIRST;CONDITIONAL_FLEXIBILITY;3180000;2020-05-06T12:00:00.000+02:00;2020-05-06T12:53:00.000+02:00;TGV_INOUI;8707
FRXUY;FRRSP;27.5;FIRST;FULL_FLEXIBILITY;3180000;2020-05-06T12:00:00.000+02:00;2020-05-06T12:53:00.000+02:00;TGV_INOUI;8707
FRLRT;FRPMO;65.0;SECOND;CONDITIONAL_FLEXIBILITY;12120000;2020-05-06T13:55:00.000+02:00;2020-05-06T17:17:00.000+02:00;TGV_INOUI;8722
FRLRT;FRPMO;71.0;FIRST;CONDITIONAL_FLEXIBILITY;12120000;2020-05-06T13:55:00.000+02:00;2020-05-06T17:17:00.000+02:00;TGV_INOUI;8722
FRLRT;FRPMO;148.0;FIRST;FULL_FLEXIBILITY;12120000;2020-05-06T13:55:00.000+02:00;2020-05-06T17:17:00.000+02:00;TGV_INOUI;8722
FRLRT;FRXRN;18.5;SECOND;CONDITIONAL_FLEXIBILITY;3360000;2020-05-06T13:55:00.000+02:00;2020-05-06T14:51:00.000+02:00;TGV_INOUI;8722
FRLRT;FRXRN;20.5;FIRST;CONDITIONAL_FLEXIBILITY;3360000;2020-05-06T13:55:00.000+02:00;2020-05-06T14:51:00.000+02:00;TGV_INOUI;8722
FRLRT;FRXRN;38.0;FIRST;FULL_FLEXIBILITY;3360000;2020-05-06T13:55:00.000+02:00;2020-05-06T14:51:00.000+02:00;TGV_INOUI;8722
FRLRT;FRVNE;10.3;SECOND;CONDITIONAL_FLEXIBILITY;1740000;2020-05-06T13:55:00.000+02:00;2020-05-06T14:24:00.000+02:00;TGV_INOUI;8722
FRLRT;FRVNE;12.3;FIRST;CONDITIONAL_FLEXIBILITY;1740000;2020-05-06T13:55:00.000+02:00;2020-05-06T14:24:00.000+02:00;TGV_INOUI;8722
FRLRT;FRVNE;22.5;FIRST;FULL_FLEXIBILITY;1740000;2020-05-06T13:55:00.000+02:00;2020-05-06T14:24:00.000+02:00;TGV_INOUI;8722
FRLRT;FRXUY;9.6;SECOND;CONDITIONAL_FLEXIBILITY;960000;2020-05-06T13:55:00.000+02:00;2020-05-06T14:11:00.000+02:00;TGV_INOUI;8722
FRLRT;FRXUY;14.3;FIRST;CONDITIONAL_FLEXIBILITY;960000;2020-05-06T13:55:00.000+02:00;2020-05-06T14:11:00.000+02:00;TGV_INOUI;8722
FRLRT;FRXUY;18.5;FIRST;FULL_FLEXIBILITY;960000;2020-05-06T13:55:00.000+02:00;2020-05-06T14:11:00.000+02:00;TGV_INOUI;8722
FRLRT;FRUIP;11.5;SECOND;CONDITIONAL_FLEXIBILITY;2340000;2020-05-06T12:28:00.000+02:00;2020-05-06T13:07:00.000+02:00;TGV_INOUI;8707
FRLRT;FRUIP;13.5;FIRST;CONDITIONAL_FLEXIBILITY;2340000;2020-05-06T12:28:00.000+02:00;2020-05-06T13:07:00.000+02:00;TGV_INOUI;8707
FRLRT;FRUIP;25.5;FIRST;FULL_FLEXIBILITY;2340000;2020-05-06T12:28:00.000+02:00;2020-05-06T13:07:00.000+02:00;TGV_INOUI;8707
FRLRT;FRRNS;25.5;SECOND;CONDITIONAL_FLEXIBILITY;5640000;2020-05-06T13:55:00.000+02:00;2020-05-06T15:29:00.000+02:00;TGV_INOUI;8722
FRLRT;FRRNS;27.5;FIRST;CONDITIONAL_FLEXIBILITY;5640000;2020-05-06T13:55:00.000+02:00;2020-05-06T15:29:00.000+02:00;TGV_INOUI;8722
FRLRT;FRRNS;52.0;FIRST;FULL_FLEXIBILITY;5640000;2020-05-06T13:55:00.000+02:00;2020-05-06T15:29:00.000+02:00;TGV_INOUI;8722
FRLRT;FRRSP;9.5;SECOND;CONDITIONAL_FLEXIBILITY;1500000;2020-05-06T12:28:00.000+02:00;2020-05-06T12:53:00.000+02:00;TGV_INOUI;8707
FRLRT;FRRSP;11.5;FIRST;CONDITIONAL_FLEXIBILITY;1500000;2020-05-06T12:28:00.000+02:00;2020-05-06T12:53:00.000+02:00;TGV_INOUI;8707
FRLRT;FRRSP;21.5;FIRST;FULL_FLEXIBILITY;1500000;2020-05-06T12:28:00.000+02:00;2020-05-06T12:53:00.000+02:00;TGV_INOUI;8707
FRUIP;FRLRT;11.5;SECOND;CONDITIONAL_FLEXIBILITY;1980000;2020-05-06T13:19:00.000+02:00;2020-05-06T13:52:00.000+02:00;TGV_INOUI;8722
FRUIP;FRLRT;13.5;FIRST;CONDITIONAL_FLEXIBILITY;1980000;2020-05-06T13:19:00.000+02:00;2020-05-06T13:52:00.000+02:00;TGV_INOUI;8722
FRUIP;FRLRT;25.5;FIRST;FULL_FLEXIBILITY;1980000;2020-05-06T13:19:00.000+02:00;2020-05-06T13:52:00.000+02:00;TGV_INOUI;8722
FRUIP;FRXUY;18.0;SECOND;CONDITIONAL_FLEXIBILITY;3120000;2020-05-06T13:19:00.000+02:00;2020-05-06T14:11:00.000+02:00;TGV_INOUI;8722
FRUIP;FRXUY;20.0;FIRST;CONDITIONAL_FLEXIBILITY;3120000;2020-05-06T13:19:00.000+02:00;2020-05-06T14:11:00.000+02:00;TGV_INOUI;8722
FRUIP;FRXUY;37.0;FIRST;FULL_FLEXIBILITY;3120000;2020-05-06T13:19:00.000+02:00;2020-05-06T14:11:00.000+02:00;TGV_INOUI;8722
FRUIP;FRVNE;19.5;SECOND;CONDITIONAL_FLEXIBILITY;3900000;2020-05-06T13:19:00.000+02:00;2020-05-06T14:24:00.000+02:00;TGV_INOUI;8722
FRUIP;FRVNE;21.5;FIRST;CONDITIONAL_FLEXIBILITY;3900000;2020-05-06T13:19:00.000+02:00;2020-05-06T14:24:00.000+02:00;TGV_INOUI;8722
FRUIP;FRVNE;41.0;FIRST;FULL_FLEXIBILITY;3900000;2020-05-06T13:19:00.000+02:00;2020-05-06T14:24:00.000+02:00;TGV_INOUI;8722
FRUIP;FRXRN;25.0;SECOND;CONDITIONAL_FLEXIBILITY;5520000;2020-05-06T13:19:00.000+02:00;2020-05-06T14:51:00.000+02:00;TGV_INOUI;8722
FRUIP;FRXRN;27.0;FIRST;CONDITIONAL_FLEXIBILITY;5520000;2020-05-06T13:19:00.000+02:00;2020-05-06T14:51:00.000+02:00;TGV_INOUI;8722
FRUIP;FRXRN;52.0;FIRST;FULL_FLEXIBILITY;5520000;2020-05-06T13:19:00.000+02:00;2020-05-06T14:51:00.000+02:00;TGV_INOUI;8722
FRUIP;FRRNS;32.0;SECOND;CONDITIONAL_FLEXIBILITY;7800000;2020-05-06T13:19:00.000+02:00;2020-05-06T15:29:00.000+02:00;TGV_INOUI;8722
FRUIP;FRRNS;34.0;FIRST;CONDITIONAL_FLEXIBILITY;7800000;2020-05-06T13:19:00.000+02:00;2020-05-06T15:29:00.000+02:00;TGV_INOUI;8722
FRUIP;FRRNS;65.0;FIRST;FULL_FLEXIBILITY;7800000;2020-05-06T13:19:00.000+02:00;2020-05-06T15:29:00.000+02:00;TGV_INOUI;8722
FRUIP;FRPMO;66.0;SECOND;CONDITIONAL_FLEXIBILITY;14280000;2020-05-06T13:19:00.000+02:00;2020-05-06T17:17:00.000+02:00;TGV_INOUI;8722
FRUIP;FRPMO;72.0;FIRST;CONDITIONAL_FLEXIBILITY;14280000;2020-05-06T13:19:00.000+02:00;2020-05-06T17:17:00.000+02:00;TGV_INOUI;8722
FRUIP;FRPMO;151.0;FIRST;FULL_FLEXIBILITY;14280000;2020-05-06T13:19:00.000+02:00;2020-05-06T17:17:00.000+02:00;TGV_INOUI;8722
FRRSP;FRUIP;6.5;SECOND;CONDITIONAL_FLEXIBILITY;720000;2020-05-06T12:55:00.000+02:00;2020-05-06T13:07:00.000+02:00;TGV_INOUI;8707
FRRSP;FRUIP;10.0;FIRST;CONDITIONAL_FLEXIBILITY;720000;2020-05-06T12:55:00.000+02:00;2020-05-06T13:07:00.000+02:00;TGV_INOUI;8707
FRRSP;FRUIP;13.0;FIRST;FULL_FLEXIBILITY;720000;2020-05-06T12:55:00.000+02:00;2020-05-06T13:07:00.000+02:00;TGV_INOUI;8707
FRAFM;FRAFW;9.0;SECOND;CONDITIONAL_FLEXIBILITY;3900000;2020-05-06T06:55:00.000+02:00;2020-05-06T08:00:00.000+02:00;OTHER;52953
FRAFM;FRAFW;9.0;SECOND;CONDITIONAL_FLEXIBILITY;3900000;2020-05-06T08:30:00.000+02:00;2020-05-06T09:35:00.000+02:00;OTHER;52955
FRAFM;FRAFW;9.0;SECOND;CONDITIONAL_FLEXIBILITY;3960000;2020-05-06T17:42:00.000+02:00;2020-05-06T18:48:00.000+02:00;OTHER;52967
FRAFM;FRAFW;9.0;SECOND;CONDITIONAL_FLEXIBILITY;3480000;2020-05-06T19:22:00.000+02:00;2020-05-06T20:20:00.000+02:00;OTHER;52971
FRAFW;FRAFM;9.0;SECOND;CONDITIONAL_FLEXIBILITY;3780000;2020-05-06T06:30:00.000+02:00;2020-05-06T07:33:00.000+02:00;OTHER;52954
FRAFW;FRAFM;9.0;SECOND;CONDITIONAL_FLEXIBILITY;3960000;2020-05-06T08:10:00.000+02:00;2020-05-06T09:16:00.000+02:00;OTHER;52956
FRAFW;FRAFM;9.0;SECOND;CONDITIONAL_FLEXIBILITY;3720000;2020-05-06T16:35:00.000+02:00;2020-05-06T17:37:00.000+02:00;OTHER;52968
FRAFW;FRAFM;9.0;SECOND;CONDITIONAL_FLEXIBILITY;3600000;2020-05-06T19:15:00.000+02:00;2020-05-06T20:15:00.000+02:00;OTHER;52972
FRXSH;FRPMO;42.0;SECOND;CONDITIONAL_FLEXIBILITY;3660000;2020-05-06T16:12:00.000+02:00;2020-05-06T17:13:00.000+02:00;TGV_INOUI;8440
FRXSH;FRPMO;44.0;FIRST;CONDITIONAL_FLEXIBILITY;3660000;2020-05-06T16:12:00.000+02:00;2020-05-06T17:13:00.000+02:00;TGV_INOUI;8440
FRXSH;FRPMO;95.0;FIRST;FULL_FLEXIBILITY;3660000;2020-05-06T16:12:00.000+02:00;2020-05-06T17:13:00.000+02:00;TGV_INOUI;8440
FRAEE;FRXTB;11.7;SECOND;CONDITIONAL_FLEXIBILITY;3720000;2020-05-06T07:40:00.000+02:00;2020-05-06T08:42:00.000+02:00;OTHER;55805
FRAEE;FRXTB;11.7;SECOND;CONDITIONAL_FLEXIBILITY;3720000;2020-05-06T14:30:00.000+02:00;2020-05-06T15:32:00.000+02:00;OTHER;55819
FRAEE;FRXTB;11.7;SECOND;CONDITIONAL_FLEXIBILITY;3720000;2020-05-06T18:30:00.000+02:00;2020-05-06T19:32:00.000+02:00;OTHER;55597
FRXTB;FRAEE;11.7;SECOND;CONDITIONAL_FLEXIBILITY;3720000;2020-05-06T06:36:00.000+02:00;2020-05-06T07:38:00.000+02:00;OTHER;55790
FRXTB;FRAEE;11.7;SECOND;CONDITIONAL_FLEXIBILITY;3720000;2020-05-06T12:36:00.000+02:00;2020-05-06T13:38:00.000+02:00;OTHER;55818
FRXTB;FRAEE;11.7;SECOND;CONDITIONAL_FLEXIBILITY;4200000;2020-05-06T18:16:00.000+02:00;2020-05-06T19:26:00.000+02:00;OTHER;55824
